id;source;pmid;pmcid;doi;title;authorString;journalTitle;issue;journalVolume;pubYear;journalIssn;pageInfo;pubType;isOpenAccess;inEPMC;inPMC;hasPDF;hasBook;hasSuppl;citedByCount;hasReferences;hasTextMinedTerms;hasDbCrossReferences;hasLabsLinks;hasTMAccessionNumbers;firstIndexDate;firstPublicationDate;versionNumber
40694117;MED;40694117;PMC12283882;10.1007/s00248-025-02582-5;Host Diet and Species Interact to Shape the Bacterial and Fungal Microbiome in the Regurgitant of Four Spodoptera Species.;Adam MAC, Cailleau G, Junier P, Benrey B.;Microb Ecol;1;88;2025;"0095-3628; 1432-184x; ";78;"research-article; journal article";Y;Y;Y;Y;N;Y;0;Y;Y;N;Y;N;2025-07-24;2025-07-22;NA
PMC12349692;PMC;NA;PMC12349692;NA;The EuropaBON Stakeholder Dashboard: A dynamic web application to map Europe’s biodiversity community;Langer C, Junker J, Giergiczny M, McCallum I, Georgieva I, Pereira H.;PLoS One;8;20;2025;1932-6203;NA;"research-article; journal article";Y;Y;Y;Y;N;Y;0;N;Y;N;N;N;2025-08-15;2025-01-01;NA
40181915;MED;40181915;PMC11967255;10.1002/ece3.70833;"Terrestrial Spatial Distribution and Summer Abundance of Antarctic Fur Seals (&lt;i&gt;Arctocephalus gazella&lt;/i&gt;) Near Palmer Station, Antarctica, From Drone Surveys.";Larsen GD, Cimino MA, Dale J, Friedlaender AS, Goerke MA, Johnston DW.;Ecol Evol;4;15;2025;2045-7758;e70833;"research-article; journal article";Y;Y;Y;Y;N;N;0;Y;Y;N;Y;N;2025-04-07;2025-04-03;NA
40342697;MED;40342697;PMC12061470;10.1002/ece3.71390;"Occurrence Data Sources Matter for Species Distribution Modeling: A Case Study of &lt;i&gt;Quercus variabilis&lt;/i&gt; Based on Biomod2.";Zhao Y, Liu J, Wang Q, Huang R, Nie W, Yang S, Cheng X, Li M.;Ecol Evol;5;15;2025;2045-7758;e71390;"research-article; journal article";Y;Y;Y;Y;N;Y;2;Y;Y;N;Y;N;2025-05-10;2025-05-08;NA
40896100;MED;40896100;PMC12391032;10.1002/ece3.71842;Linking Tree and Shrub Biomass to Plant Diversity During Early-Stage Alpine Afforestation.;Wang CJ, Yan WX, Huang SF, Deng DZ.;Ecol Evol;9;15;2025;2045-7758;e71842;"research-article; journal article";Y;Y;Y;Y;N;Y;0;Y;Y;N;N;N;2025-09-04;2025-08-27;NA
40092896;MED;40092896;PMC11906369;10.1002/ece3.71078;Stable Isotopes Reveal the Drivers of Post-Wildfire Natural Regeneration of Interior Douglas-Fir Seedlings in British Columbia.;McAulay J, Querejeta JI, Danyagri G, Eskelson BNI, Philpott TJ, Saunders SC, Mompeán E, Barbeito I.;Ecol Evol;3;15;2025;2045-7758;e71078;"research-article; journal article";Y;Y;Y;Y;N;Y;0;Y;Y;N;Y;N;2025-03-17;2025-03-13;NA
39854505;MED;39854505;PMC11760022;10.1371/journal.pone.0311290;Migratory birds benefit from urban environments in a highly anthropized Neotropical region.;Pacheco-Muñoz R, Ceja-Madrigal A, Schondube JE.;PLoS One;1;20;2025;1932-6203;e0311290;"research-article; journal article";Y;Y;Y;Y;N;Y;0;Y;Y;N;Y;Y;2025-01-25;2025-01-24;NA
40370341;MED;40370341;PMC12077929;10.1002/ece3.71447;Stunned by a Heatwave: Experimental Heatwaves Alter Juvenile Responsiveness to the Threat of Predation.;Breedveld MC, Borgheresi O, Devigili A, Gasparini C.;Ecol Evol;5;15;2025;2045-7758;e71447;"research-article; journal article";Y;Y;Y;Y;N;Y;2;Y;Y;N;Y;N;2025-05-21;2025-05-14;NA
41148934;MED;41148934;PMC12563318;10.3390/insects16101066;"Diet-Driven Variations in Longevity and Fecundity of the Endangered Tiger Beetle &lt;i&gt;Cicindela anchoralis&lt;/i&gt; (Coleoptera: Carabidae).";Cha D, Lim A, Jung JK.;Insects;10;16;2025;2075-4450;1066;"research-article; journal article";Y;Y;Y;Y;N;Y;0;Y;Y;N;N;N;2025-10-28;2025-10-18;NA
PMC12391412;PMC;NA;PMC12391412;NA;Temporal response of belowground and aboveground organisms to microclimate changes in irrigated mediterranean vineyards;Melloul E, Nicolas M, Rocher L, Bischoff A, Gros R, Blight O.;Sci Rep;1;15;2025;2045-2322;NA;"research-article; journal article";Y;Y;Y;Y;N;Y;0;N;Y;N;N;N;2025-09-01;2025-01-01;NA
39993196;MED;39993196;PMC11892590;10.1073/pnas.2422861122;No evidence for Peto's paradox in terrestrial vertebrates.;Butler G, Baker J, Amend SR, Pienta KJ, Venditti C.;Proc Natl Acad Sci U S A;9;122;2025;"0027-8424; 1091-6490; ";e2422861122;"research-article; journal article";Y;Y;Y;Y;N;Y;10;Y;Y;N;Y;N;2025-02-25;2025-02-24;NA
41302848;MED;41302848;PMC12653105;10.3390/insects16111103;"Environmental and Dispersal-Related Drivers of Color Morph Distribution in &lt;i&gt;Triatoma infestans&lt;/i&gt; (Klug, 1834) (Hemiptera, Reduviidae).";Díaz EV, Fiad FG, Gigena GV, López AG, Piccinali RV, Carbajal-de-la-Fuente AL, Rodríguez CS, Nattero J.;Insects;11;16;2025;2075-4450;1103;"research-article; journal article";Y;Y;Y;Y;N;Y;0;Y;Y;N;Y;N;2025-11-27;2025-10-29;NA
39758026;MED;39758026;PMC11789551;10.1111/mec.17647;DNA Methylation Associates With Sex-Specific Effects of Experimentally Increased Yolk Testosterone in Wild Nestlings.;Sepers B, Ruuskanen S, van Mastrigt T, Mateman AC, van Oers K.;Mol Ecol;4;34;2025;"0962-1083; 1365-294x; ";e17647;"research-article; journal article";Y;Y;Y;Y;N;Y;1;Y;Y;N;Y;N;2025-01-06;2025-01-06;NA
PMC12344276;PMC;NA;PMC12344276;NA;What Is Regulating Chironomid Populations? The Influence of Food Supply and Interference Competition on Development and Mortality in Chironomus riparius;Strauss T, Gerhard J, Gerth D, Koch J, Ottermanns R, Vaugeois M, Galic N.;Ecol Evol;8;15;2025;2045-7758;NA;"research-article; journal article";Y;Y;Y;Y;N;Y;0;N;Y;N;N;N;2025-08-15;2025-08-01;NA
40936331;MED;40936331;PMC12426586;10.1002/eap.70076;Influence of vessel disturbance on Pacific harbour porpoise (Phocoena phocoena vomerina) echolocation.;Dracott K, Robinson CV, Dares L, Woodley E, Migneault A, Birdsall C.;Ecol Appl;6;35;2025;1051-0761;e70076;"research-article; journal article";Y;Y;Y;Y;N;Y;1;Y;Y;N;Y;Y;2025-09-12;2025-09-01;NA
40950783;MED;40950783;PMC12432409;10.1002/ece3.72153;Floral Color and Family Drive Contrasting Plant-Pollinator Responses to Nutrient Enrichment.;Nelson RA, Borer ET, Seabloom EW.;Ecol Evol;9;15;2025;2045-7758;e72153;"research-article; journal article";Y;Y;Y;Y;N;Y;0;Y;Y;N;N;N;2025-09-16;2025-09-13;NA
41321946;MED;41321946;PMC12662060;10.7717/peerj.20319;Coral reefs in the Mahafaly Seascape (SW Madagascar) as potential climate refugia following the 2024 mass bleaching event.;Randrianarivo M, Rakotomanga S, Razafindramasy F, Ravelojaona DK, Ranaivoson T, Rakotomalala D, Ratsimbazafy R.;PeerJ;NA;13;2025;2167-8359;e20319;"research-article; journal article";Y;Y;Y;Y;N;Y;0;Y;Y;N;N;Y;2025-12-01;2025-11-25;NA
40584679;MED;40584679;PMC12202778;10.1002/ece3.71672;Abundance, Diversity and Phenology of Mosquito Larvae in a Highly Anthropized Wetland: Health and Management Implications of Gándaras de Budiño (NW Spain).;Martínez-Barciela Y, Polina A, Garrido J.;Ecol Evol;7;15;2025;2045-7758;e71672;"research-article; journal article";Y;Y;Y;Y;N;Y;0;Y;Y;N;N;N;2025-07-01;2025-06-26;NA
41345336;MED;41345336;PMC12680868;10.1007/s00248-025-02627-9;Do Shifts in Honeybee Crop Microbiota Enable Ethanol Accumulation? A Comparative Analysis of Caged and Foraging Bees.;Antoł W, Surmacz B, Ostap-Chec M, Stec D, Miler K.;Microb Ecol;1;88;2025;"0095-3628; 1432-184x; ";137;"comparative study; research-article; journal article";Y;Y;Y;Y;N;Y;0;Y;Y;N;N;N;2025-12-05;2025-12-04;NA
40163496;MED;40163496;PMC11957269;10.1371/journal.pone.0319654;Evaluation of statistical methods applied in theses and dissertations in an Open, Distance and e-Learning University.;Debusho LK, Mashabela MR, Sebatjane PN, Sithole S, Tabo B, Rapoo EM.;PLoS One;3;20;2025;1932-6203;e0319654;"research-article; journal article";Y;Y;Y;Y;N;N;0;Y;Y;N;N;N;2025-04-02;2025-03-31;NA
39859647;MED;39859647;PMC11765621;10.3390/insects16010065;Temperature and Host Fruit During Immature Development Shape Adult Life History Traits of Different <i>Ceratitis capitata</i> Populations.;Papadogiorgou GD, Papadopoulos NT.;Insects;1;16;2025;2075-4450;65;"research-article; journal article";Y;Y;Y;Y;N;Y;1;Y;Y;N;Y;N;2025-01-28;2025-01-11;NA
40267118;MED;40267118;PMC12017478;10.1371/journal.pone.0317081;Estimating setback distances for a threatened, cryptic, data-sparse migratory shorebird.;Hansen BD, Honan J, Stewart D, Walters JR, Weston MA.;PLoS One;4;20;2025;1932-6203;e0317081;"research-article; journal article";Y;Y;Y;Y;N;Y;0;Y;Y;N;Y;N;2025-04-24;2025-04-23;NA
40814073;MED;40814073;PMC12351819;10.1186/s12862-025-02424-5;Effect of pre-germination temperature conditions on germination characteristics of temperate grassland species.;Kiss R, Lukács K, Tóth Á, Tóth B, Samraoui KR, Engel R, Deák B, Valkó O.;BMC Ecol Evol;1;25;2025;2730-7182;82;"research-article; journal article";Y;Y;Y;Y;N;Y;0;Y;Y;N;N;N;2025-08-21;2025-08-14;NA
39951454;MED;39951454;PMC11828422;10.1371/journal.pone.0307357;Landscape conservation and orchard management influence carob tree yield through changes in pollinator communities.;Gómez-Martínez C, González-Estévez MA, deCastro-Arrazola I, Unglaub P, Lázaro A.;PLoS One;2;20;2025;1932-6203;e0307357;"research-article; journal article";Y;Y;Y;Y;N;Y;0;Y;Y;N;Y;N;2025-02-15;2025-02-14;NA
41249368;MED;41249368;PMC12623759;10.1038/s41598-025-24054-z;Multi-phase modelling of potential drivers for the range expansion of the golden jackal (Canis aureus).;Bijl H, Schally G, Heltai M, Emami-Khoyi A, Csányi S.;Sci Rep;1;15;2025;2045-2322;40226;"research-article; journal article";Y;Y;Y;Y;N;Y;0;Y;Y;N;N;N;2025-11-18;2025-11-17;NA
40625334;MED;40625334;PMC12231222;10.1002/ece3.71733;"No Evidence That the Phoretic Mite &lt;i&gt;Poecilochirus carabi&lt;/i&gt; Influences Mate Choice or Fitness in the Host Burying Beetle &lt;i&gt;Nicrophorus nepalensis&lt;/i&gt;.";Lan B, Malik TG, Tsai MT, Wu YT, Sun SJ.;Ecol Evol;7;15;2025;2045-7758;e71733;"research-article; journal article";Y;Y;Y;Y;N;Y;0;Y;Y;N;N;N;2025-07-09;2025-07-04;NA
41104050;MED;41104050;PMC12526992;10.1093/ve/veaf077;Phylogeographic evaluation of the effectiveness of Canadian travel restrictions in reducing SARS-CoV-2 variant importations and burden.;McLaughlin A, Montoya V, Miller RL, Canadian COVID-19 Genomics Network (CanCOGeN) Consortium , Worobey M, Joy JB.;Virus Evol;1;11;2025;2057-1577;veaf077;"research-article; journal article";Y;Y;Y;Y;N;Y;0;Y;Y;N;Y;N;2025-10-17;2025-10-11;NA
40661918;MED;40661918;PMC12259308;10.1002/ece3.71761;Species and Phylogenetic Diversity of Woody Plants Shift With the Elevational Gradient in Subtropical Forests in South China.;Li J, Luo Y, Chen F, Hu C, Xu C, Zhang Z, Hu G.;Ecol Evol;7;15;2025;2045-7758;e71761;"research-article; journal article";Y;Y;Y;Y;N;Y;1;Y;Y;N;Y;N;2025-07-15;2025-07-14;NA
40184465;MED;40184465;PMC11970481;10.1126/sciadv.adr4310;Simultaneous acclimation to nitrogen and iron scarcity in open ocean cyanobacteria revealed by sparse tensor decomposition of metatranscriptomes.;Blaskowski S, Roald M, Berube PM, Braakman R, Armbrust EV.;Sci Adv;14;11;2025;2375-2548;eadr4310;"research-article; journal article";Y;Y;Y;Y;N;Y;0;Y;Y;N;Y;N;2025-04-07;2025-04-04;NA
39827291;MED;39827291;PMC11743127;10.1038/s41598-025-86434-9;First record of microplastic contamination in adult endemic amazonian anuran species.;E Souza-Ferreira MLC, Dos Reis AJO, Ferreira EBL, Dipold J, Freitas AZ, Wetter NU, de Oliveira-Bahia VRL, Vieira TB.;Sci Rep;1;15;2025;2045-2322;2403;"research support, non-u.s. gov't; research-article; journal article";Y;Y;Y;Y;N;N;1;Y;Y;N;Y;N;2025-01-22;2025-01-18;NA
40596875;MED;40596875;PMC12211375;10.1186/s12862-025-02410-x;The influence of native shrub density on bird communities in the southern drylands of California, USA.;Hillier-Weltman Z, Lortie CJ, Zuliani M.;BMC Ecol Evol;1;25;2025;2730-7182;63;"research-article; journal article";Y;Y;Y;Y;N;Y;0;Y;Y;N;Y;Y;2025-07-03;2025-07-01;NA
39698753;MED;39698753;PMC11754720;10.1111/mec.17629;Population Dynamics and the Microbiome in a Wild Boreal Mammal: The Snowshoe Hare Cycle and Impacts of Diet, Season and Predation Risk.;Stothart MR, Lavergne S, McCaw L, Singh H, de Vega W, Amato K, Poissant J, Boonstra R.;Mol Ecol;3;34;2025;"0962-1083; 1365-294x; ";e17629;"research-article; journal article";Y;Y;Y;Y;N;Y;2;Y;Y;N;Y;N;2024-12-19;2024-12-19;NA
40743124;MED;40743124;PMC12312879;10.1371/journal.pone.0305154;Estimation of free-roaming dog populations using Google Street View: A methodological study.;Porras G, Diaz EW, De la Puente-León M, Gavidia CM, Castillo-Neyra R.;PLoS One;7;20;2025;1932-6203;e0305154;"research-article; journal article";Y;Y;Y;Y;N;N;0;Y;Y;N;Y;N;2025-08-01;2025-07-31;NA
40514396;MED;40514396;PMC12283404;10.1038/s41477-025-02022-9;Geographic range size and rarity of epiphytic flowering plants.;Svahnström VJ, Nic Lughadha E, Forest F, Leão TCC.;Nat Plants;7;11;2025;2055-0278;1380-1389;"research-article; journal article";Y;Y;Y;Y;N;Y;0;Y;Y;N;Y;N;2025-06-15;2025-06-13;NA
40952238;MED;40952238;PMC12673235;10.1111/1365-2656.70136;Habitat heterogeneity and food availability in beaver-engineered streams foster bat richness, activity and feeding.;Moser V, Capitani L, Zehnder L, Hürbin A, Obrist MK, Ecker K, Boch S, Minnig S, Angst C, Pomati F, Risch AC.;J Anim Ecol;12;94;2025;"0021-8790; 1365-2656; ";2403-2420;"research-article; journal article";Y;Y;Y;Y;N;Y;0;Y;Y;N;Y;Y;2025-09-16;2025-09-15;NA
39843490;MED;39843490;PMC11754898;10.1038/s41598-025-86145-1;Hydrogenotrophic methanogenesis at 7-12 mbar by Methanosarcina barkeri under simulated martian atmospheric conditions.;Harris RL, Schuerger AC.;Sci Rep;1;15;2025;2045-2322;2880;"research support, non-u.s. gov't; research-article; research support, u.s. gov't, non-p.h.s.; journal article";Y;Y;Y;Y;N;Y;1;Y;Y;N;Y;N;2025-01-24;2025-01-22;NA
39829083;MED;39829083;PMC11744057;10.1002/eap.3083;Relative effects of seed mix design, consumer pressure, and edge proximity on community structure in restored prairies.;Pizza RB, Turley NE, Brudvig LA.;Ecol Appl;1;35;2025;1051-0761;e3083;"research-article; journal article";Y;Y;Y;Y;N;Y;1;Y;Y;N;Y;Y;2025-01-22;2025-01-01;NA
40247077;MED;40247077;PMC12006495;10.1038/s41598-025-98051-7;Environmental and anthropogenic influences on fire patterns in tropical dry deciduous forests.;Niyogi VS, Niyogi R, Banerjee S, Verma N, Choure K.;Sci Rep;1;15;2025;2045-2322;13272;"research-article; journal article";Y;Y;Y;Y;N;Y;0;Y;Y;N;Y;N;2025-04-18;2025-04-17;NA
39939372;MED;39939372;PMC11822004;10.1038/s41598-025-89917-x;Invasive tree species affect terricolous bryophytes biomass and biodiversity in nutrient-poor but not nutrient-rich temperate forests.;Bury S, Dyderski MK.;Sci Rep;1;15;2025;2045-2322;5272;"research-article; journal article";Y;Y;Y;Y;N;Y;1;Y;Y;N;Y;N;2025-02-13;2025-02-12;NA
39664073;MED;39664073;PMC11630087;10.1093/beheco/arae090;Responses in adult pied flycatcher males depend on playback song similarity to local population.;Gallego-Abenza M, Kraft FH, Ma L, Rajan S, Wheatcroft D.;Behav Ecol;1;36;2025;"1045-2249; 1465-7279; ";arae090;"research-article; journal article";Y;Y;Y;Y;N;N;0;Y;Y;N;Y;Y;2024-12-12;2024-11-06;NA
41193551;MED;41193551;PMC12589401;10.1038/s41598-025-22637-4;Reservoir host community and vector density predict human tick-borne diseases across the Eastern United States.;Martins PM, Mahon MB, Rohr JR.;Sci Rep;1;15;2025;2045-2322;38794;"research-article; journal article";Y;Y;Y;Y;N;Y;0;Y;Y;N;Y;N;2025-11-06;2025-11-05;NA
40838887;MED;40838887;PMC12403121;10.1073/pnas.2502742122;Aphid herbivory on macrophytes drives adaptive evolution in an aquatic community via indirect effects.;Schäfer M, Malacrinò A, Walcher C, Spaak P, Serwaty-Sárazová M, Käser S, Bulas T, Dambone-Bösch C, Dexter E, Hottinger J, Böttner L, Vorburger C, Ebert D, Xu S.;Proc Natl Acad Sci U S A;34;122;2025;"0027-8424; 1091-6490; ";e2502742122;"research-article; journal article";Y;Y;Y;Y;N;Y;1;Y;Y;N;Y;Y;2025-08-23;2025-08-21;NA
40823060;MED;40823060;PMC12356646;10.1002/ece3.71984;Species-Specific Responses of Farmland Birds to Overhead Powerlines.;Marques AT, Silva JP, Moreira F.;Ecol Evol;8;15;2025;2045-7758;e71984;"research-article; journal article";Y;Y;Y;Y;N;Y;0;Y;Y;N;Y;N;2025-08-21;2025-08-15;NA
41121975;MED;41121975;PMC12630430;10.1111/nph.70600;Floral scent chemodiversity is associated with high floral visitor but low bacterial richness on flowers.;Hanusch M, Dötterl S, Larue-Kontić AC, Keller A, Junker RR.;New Phytol;6;248;2025;"1469-8137; 0028-646x; ";3270-3279;"research-article; journal article";Y;Y;Y;Y;N;Y;0;Y;Y;N;Y;N;2025-10-22;2025-10-22;NA
40590503;MED;40590503;PMC12424281;10.1111/1365-2656.70095;Fluctuating salinity during development impacts fish life histories.;Chung MJ, Noble DWA, Fox RJ, Harrison LM, Jennions MD.;J Anim Ecol;9;94;2025;"0021-8790; 1365-2656; ";1848-1865;"research-article; journal article";Y;Y;Y;Y;N;Y;1;Y;Y;N;N;Y;2025-07-02;2025-07-01;NA
41140313;MED;41140313;PMC12545700;10.1002/ece3.72351;Light Sensitive Bumblebee Species Are Associated With Forest Habitat and Forest-Dominated Landscapes.;Bartholomée O, Tichit P, Åström J, Smith HG, Åström S, Sydenham MAK, Baird E.;Ecol Evol;10;15;2025;2045-7758;e72351;"research-article; journal article";Y;Y;Y;Y;N;Y;0;Y;Y;N;Y;Y;2025-10-27;2025-10-22;NA
PMC12225633;PMC;NA;PMC12225633;NA;Eukaryotic gut community of the bat Myotis arescens in anthropized landscapes in Chile;Ramírez-Fernández L, Saldarriaga-Córdoba M, Silva A, Napolitano C, Rodríguez-San Pedro A.;PeerJ;NA;13;2025;2167-8359;NA;"research-article; journal article";Y;Y;Y;Y;N;Y;0;N;Y;N;N;Y;2025-07-07;2025-01-01;NA
41281918;MED;41281918;PMC12634784;10.1007/s10980-025-02246-2;Directing recreation pressure via pathways allows for coexistence of recreation and nature development on the upper beach.;van Rosmalen SJ, Homberger JM, Riksen M, Limpens J.;Landsc Ecol;12;40;2025;0921-2973;224;"research-article; journal article";Y;Y;Y;Y;N;Y;0;Y;Y;N;Y;N;2025-11-24;2025-11-20;NA
40679145;MED;40679145;PMC12484416;10.1111/1365-2656.70109;Host avoidance and resistance vary independently and are specific to parasite genotype.;Amoroso CR, Lockwood-Shabat A, Kamali A, Gibson AK.;J Anim Ecol;10;94;2025;"0021-8790; 1365-2656; ";2079-2088;"research-article; journal article";Y;Y;Y;Y;N;Y;1;Y;Y;N;Y;N;2025-07-19;2025-07-18;NA
40424320;MED;40424320;PMC12111614;10.1371/journal.pone.0323937;Classification of mountain-based rail transit stations and analysis of passenger flow influencing mechanisms.;Zou Q, Xia Y, Ran X, Guo X, Feng J.;PLoS One;5;20;2025;1932-6203;e0323937;"research-article; journal article";Y;Y;Y;Y;N;Y;0;Y;Y;N;N;N;2025-05-28;2025-05-27;NA
40130004;MED;40130004;PMC11930763;10.1002/ece3.71164;"Rewiring the Vehicle: &lt;i&gt;Trypanosoma cruzi&lt;/i&gt; Parasites Alter the Antennae of Their Triatomine Hosts.";Rivera-Duarte JD, May-Concha IJ, Vargas-Abasolo R, Martínez-Castaneira MX, Farfán-Beltrán ME, Mendoza-Garfias B, Flores-Villegas AL, Córdoba-Aguilar A.;Ecol Evol;3;15;2025;2045-7758;e71164;"research-article; journal article";Y;Y;Y;Y;N;Y;1;Y;Y;N;Y;N;2025-03-26;2025-03-23;NA
40343087;MED;40343087;PMC12060900;10.7717/peerj.19371;Impact of seasonal flooding and hydrological connectivity loss on microbial community dynamics in mangrove sediments of the southern Gulf of Mexico.;Vázquez-Rosas-Landa M, Pérez-Ceballos R, Zaldívar-Jiménez A, Hereira S, Pérez González L, Prieto-Davó A, Celis-Hernández O, Canales-Delgadillo JC.;PeerJ;NA;13;2025;2167-8359;e19371;"research-article; journal article";Y;Y;Y;Y;N;Y;1;Y;Y;N;Y;N;2025-05-10;2025-05-05;NA
40299874;MED;40299874;PMC12040218;10.1371/journal.pone.0322186;Soil-feeding termites build islands of soil physical and chemical fertility in pastures in Colombian Amazon.;Duran-Bautista EH, Silva-Olaya AM, Llanos-Cabrera MP, Yalanda-Sepúlveda K, Suárez JC.;PLoS One;4;20;2025;1932-6203;e0322186;"research-article; journal article";Y;Y;Y;Y;N;Y;0;Y;Y;N;Y;N;2025-04-30;2025-04-29;NA
40584002;MED;40584002;PMC12202312;10.1093/beheco/araf059;Antagonistic effects of predator color morph abundance and saliency on prey anti-predator responses.;Matchette SR, Schneider J, Drerup C, Winters S, Radford AN, Herbert-Read JE.;Behav Ecol;4;36;2025;"1045-2249; 1465-7279; ";araf059;"research-article; journal article";Y;Y;Y;Y;N;Y;0;Y;Y;N;Y;N;2025-07-01;2025-05-24;NA
41200251;MED;41200251;PMC12588729;10.1002/ece3.72446;"Interactive Effects of Copper Contamination and Salinization Across Multiple Genotypes of &lt;i&gt;Daphnia magna&lt;/i&gt;.";Hernandez Villatoro AM, Piggott JJ, Ryan AP, Luijckx P, Carrier-Belleau C.;Ecol Evol;11;15;2025;2045-7758;e72446;"research-article; journal article";Y;Y;Y;Y;N;Y;0;Y;Y;N;N;N;2025-11-07;2025-11-05;NA
41250744;MED;41250744;PMC12620028;10.1002/ece3.72380;Identification of Farmland Bird Indicator Species for Practitioner Monitoring in the United Kingdom.;McHugh NM, Ness ER, Nichols R, Banks G, Strong D, Young MW, Zuta A, Begg GS.;Ecol Evol;11;15;2025;2045-7758;e72380;"research-article; journal article";Y;Y;Y;Y;N;Y;0;Y;Y;N;Y;Y;2025-11-18;2025-11-16;NA
40498736;MED;40498736;PMC12156984;10.1371/journal.pone.0324881;Flowering seasonality drives taxonomic, functional, and phylogenetic diversity of hummingbirds along an altitudinal gradient in northwestern Mexico.;López-Segoviano G, Nuñez-Rosas LE, Arenas-Navarro M, Huerta-Ramos G, Arizmendi MDC.;PLoS One;6;20;2025;1932-6203;e0324881;"research-article; journal article";Y;Y;Y;Y;N;Y;0;Y;Y;N;Y;N;2025-06-12;2025-06-11;NA
40691214;MED;40691214;PMC12279945;10.1038/s41598-025-11706-3;Passive acoustic monitoring reveals seasonal patterns in European green toad calling activity but fails to accurately reflect population abundance.;Kaczmarski M, Kaczmarek JM, Radzińska A, Budka M.;Sci Rep;1;15;2025;2045-2322;26447;"research-article; journal article";Y;Y;Y;Y;N;Y;1;Y;Y;N;Y;N;2025-07-22;2025-07-21;NA
40390244;MED;40390244;PMC12089694;10.1002/ecy.70073;An integrated data model to estimate abundance from counts with temporal dependence and imperfect detection.;Ver Hoef JM, McClintock BT, Boveng PL, London JM, Jansen JK.;Ecology;5;106;2025;"1939-9170; 0012-9658; ";e70073;"methods-article; journal article";Y;Y;Y;Y;N;Y;0;Y;Y;N;N;N;2025-05-21;2025-05-01;NA
41039012;MED;41039012;PMC12491621;10.1038/s41598-025-17584-z;Evidence that freshwater mussels attempt temporal partitioning of their host fishes.;Smodis SL, Morris TJ, Ackerman JD.;Sci Rep;1;15;2025;2045-2322;34448;"research-article; journal article";Y;Y;Y;Y;N;Y;0;Y;Y;N;Y;N;2025-10-03;2025-10-02;NA
40328893;MED;40328893;PMC12056212;10.1038/s41598-025-99252-w;Exploring the epidemiological characteristics of Mpox in the Arab Gulf countries.;Althobaity YM, Tildesley MJ.;Sci Rep;1;15;2025;2045-2322;15748;"research-article; journal article";Y;Y;Y;Y;N;Y;0;Y;Y;N;N;N;2025-05-07;2025-05-06;NA
40977098;MED;40977098;PMC12451259;10.1111/ele.70209;Borealisation of Plant Communities in the Arctic Is Driven by Boreal-Tundra Species.;García Criado M, Barrio IC, Speed JDM, Bjorkman AD, Elmendorf SC, Myers-Smith IH, Aerts R, Alatalo JM, Betway-May KR, Björk RG, Björkman MP, Blok D, Cooper EJ, Cornelissen JHC, Gould WA, Gya R, Henry GHR, Hermanutz L, Hollister RD, Jägerbrand AK, Jónsdóttir IS, Kaarlejärvi E, Khitun O, Lang SI, Macek P, May JL, Michelsen A, Normand S, Olsen SL, Post E, Rinnan R, Schmidt NM, Sjogersten S, Tolvanen A, Töpper JP, Trant A, Vandvik V, Vowles T.;Ecol Lett;9;28;2025;"1461-023x; 1461-0248; ";e70209;"review-article; review; journal article";Y;Y;Y;Y;N;Y;1;Y;Y;N;Y;N;2025-09-24;2025-09-01;NA
39824878;MED;39824878;PMC11742039;10.1038/s41598-025-86163-z;Multi-faceted examination of a deepwater seamount reveals ecological patterns among coral and sponge communities in the equatorial Pacific.;Kennedy BR, Auscavitch S, Shank TM, Sartor C, Tennaba A, Weinnig AM, Rotjan RD.;Sci Rep;1;15;2025;2045-2322;2270;"research support, non-u.s. gov't; research-article; journal article";Y;Y;Y;Y;N;Y;0;Y;Y;N;Y;N;2025-01-20;2025-01-17;NA
41009167;MED;41009167;PMC12471070;10.3390/insects16090988;"Predation Pressure on Invertebrate Sentinel Prey Depends on Distance to Forest Edge and Seasonality in Kenyan Tea (&lt;i&gt;Camellia sinensis&lt;/i&gt;) Plantations.";Imboma TS, Venturo A, Lövei GL.;Insects;9;16;2025;2075-4450;988;"research-article; journal article";Y;Y;Y;Y;N;Y;0;Y;Y;N;Y;N;2025-09-28;2025-09-22;NA
40251217;MED;40251217;PMC12008177;10.1038/s41598-025-96464-y;Spatiotemporal distribution and ecological factors of disease burden in Inner Mongolia's working age population with brucellosis from 2015 to 2020.;Yu L, Zheng H, Wang Y, Wang X, Wang X.;Sci Rep;1;15;2025;2045-2322;13496;"research-article; journal article";Y;Y;Y;Y;N;Y;0;Y;Y;N;Y;N;2025-04-20;2025-04-18;NA
39221784;MED;39221784;PMC11880661;10.1111/1365-2656.14173;Detecting context dependence in the expression of life history trade-offs.;Bliard L, Martin JS, Paniw M, Blumstein DT, Martin JGA, Pemberton JM, Nussey DH, Childs DZ, Ozgul A.;J Anim Ecol;3;94;2025;"0021-8790; 1365-2656; ";379-393;"research support, non-u.s. gov't; research-article; research support, u.s. gov't, non-p.h.s.; journal article";Y;Y;Y;Y;N;Y;6;Y;Y;N;Y;Y;2024-09-03;2024-09-02;NA
40936356;MED;40936356;PMC12426585;10.1002/eap.70091;Thermal drone surveys to detect arboreal fauna: Improving population estimates and threatened species monitoring.;Wagner B, Garnick SW, Ryan MF, Isaac JL, Begg A, Nitschke CR.;Ecol Appl;6;35;2025;1051-0761;e70091;"research-article; journal article";Y;Y;Y;Y;N;Y;1;Y;Y;N;Y;N;2025-09-12;2025-09-01;NA
39901891;MED;39901891;PMC11788540;10.1002/ece3.70858;Shelter Distribution and Type Affect Space Use of a Desert Reptile.;Averill-Murray RC, Riedle JD.;Ecol Evol;2;15;2025;2045-7758;e70858;"research-article; journal article";Y;Y;Y;Y;N;N;0;Y;Y;N;Y;Y;2025-02-04;2025-02-02;NA
40399511;MED;40399511;PMC12095629;10.1038/s41598-025-02943-7;A randomized controlled trial combining house screening and insecticide-treated nets reduces malaria transmission in northwestern Ethiopia.;Belay AK, Asale A, Sole CL, Yusuf AA, Torto B, Abro Z, Kassie M, Mutero CM, Tchouassi DP.;Sci Rep;1;15;2025;2045-2322;17709;"research-article; randomized controlled trial; journal article";Y;Y;Y;Y;N;Y;0;Y;Y;N;Y;N;2025-05-23;2025-05-21;NA
41221251;MED;41221251;PMC12597991;10.1002/ece3.72430;Interaction Between Age and Individual Heterogeneity Shapes Breeding Probability in a Long-Lived Marine Ectotherm.;Glen CG, Lebreton JD, Mustin W, Bjorndal KA.;Ecol Evol;11;15;2025;2045-7758;e72430;"research-article; journal article";Y;Y;Y;Y;N;Y;0;Y;Y;N;Y;N;2025-11-12;2025-11-09;NA
41136510;MED;41136510;PMC12552443;10.1038/s41598-025-21142-y;Monitoring juvenile sicklefin lemon shark Negaprion acutidens in remote marine nurseries using unmanned aerial vehicles (UAVs).;Li CJ, Lin CT, Soong K.;Sci Rep;1;15;2025;2045-2322;37242;"research-article; journal article";Y;Y;Y;Y;N;Y;0;Y;Y;N;Y;N;2025-10-26;2025-10-24;NA
40950792;MED;40950792;PMC12432336;10.1002/ece3.72133;"Floral Integration and Phenotypic Selection on Floral Traits of &lt;i&gt;Ipomoea cavalcantei&lt;/i&gt; (Convolvulaceae), a Rare, Endemic, and Endangered Species to the Amazon Ironstone Outcrops.";Valentin-Silva A, da Costa ACG, Domingos-Melo A, da Costa LEN, Silva KR, da Silva Carvalho C, Watanabe MTC.;Ecol Evol;9;15;2025;2045-7758;e72133;"research-article; journal article";Y;Y;Y;Y;N;Y;0;Y;Y;N;Y;Y;2025-09-16;2025-09-13;NA
40274918;MED;40274918;PMC12022150;10.1038/s41598-025-98990-1;Managing free-roaming domestic dog populations using surgical sterilisation: a randomised controlled trial.;Fielding HR, Fernandes KA, V R A, Belgayer D, Misquita A, Kenny R, Gibson AD, Gamble L, Bronsvoort BMC, Mellanby RJ, Handel I, Rivett D, Newman K, King R, Sayyed I, Sayed A, Lad K, Yaraguda M, Parate AD, Balagali MK, Mazeri S.;Sci Rep;1;15;2025;2045-2322;14221;"randomized controlled trial, veterinary; research-article; journal article";Y;Y;Y;Y;N;Y;0;Y;Y;N;Y;N;2025-04-25;2025-04-24;NA
40549799;MED;40549799;PMC12184899;10.1371/journal.pone.0326875;Infected connections: Unraveling the impact of a bacterial symbiont on ant-aphid partnership.;Jossart M, Hance T, Detrain C.;PLoS One;6;20;2025;1932-6203;e0326875;"research-article; journal article";Y;Y;Y;Y;N;Y;0;Y;Y;N;N;N;2025-06-25;2025-06-23;NA
40235724;MED;40235724;PMC11997375;10.1002/ece3.71098;Population Genetics Meets Ecology: A Guide to Individual-Based Simulations in Continuous Landscapes.;Chevy ET, Min J, Caudill V, Champer SE, Haller BC, Rehmann CT, Smith CCR, Tittes S, Messer PW, Kern AD, Ramachandran S, Ralph PL.;Ecol Evol;4;15;2025;2045-7758;e71098;"research-article; journal article";Y;Y;Y;Y;N;Y;8;Y;Y;N;N;N;2025-04-17;2025-04-15;NA
40185870;MED;40185870;PMC11971309;10.1038/s41598-025-94915-0;Unexpected microbial diversity in new Caledonia's ultramafic ecosystems with conservation implications in a biodiversity hotspot.;Ripoll J, Stenger PL, Nuñez NF, Demenois J, Stokes A, Gourmelon V, Dinh K, Robert N, Drouin J, Mournet P, Léopold A, Read J, Gardes M, Maggia L, Carriconde F.;Sci Rep;1;15;2025;2045-2322;11564;"research-article; journal article";Y;Y;Y;Y;N;Y;0;Y;Y;N;Y;N;2025-04-07;2025-04-04;NA
PMC12134264;PMC;NA;PMC12134264;NA;Spatiotemporal patterns and environmental determinants of wildlife-vehicle collisions in Banke National Park, Nepal;Koju N, Anish K, Dodhari K, Giri P, Lee M, Pokhrel S, Ghimire A, Nyaichyai L, Onditi K, Jiang X, Kyes R.;Sci Rep;1;15;2025;2045-2322;NA;"research-article; journal article";Y;Y;Y;Y;N;Y;0;N;Y;N;N;N;2025-06-06;2025-01-01;NA
41120419;MED;41120419;PMC12540794;10.1038/s41598-025-20413-y;Influence of climatic and land use factors on post-monsoon distribution of Aedes mosquito vectors in Udupi taluk.;Nayak PP, Pai B J, Govindan S, Babu N N.;Sci Rep;1;15;2025;2045-2322;36649;"research-article; journal article; observational study";Y;Y;Y;Y;N;Y;0;Y;Y;N;Y;N;2025-10-22;2025-10-21;NA
40892732;MED;40892732;PMC12404493;10.1371/journal.pone.0331039;Assessing the potential of seaweed extracts to improve vegetative, physiological and berry quality parameters in Vitis vinifera cv. Chardonnay under cool climatic conditions.;Yssel J, Everaerts V, Van Hemelrijk W, Bylemans D, Setati ME, Lievens B, Blancquaert E, Crauwels S.;PLoS One;9;20;2025;1932-6203;e0331039;"research-article; journal article";Y;Y;Y;Y;N;Y;0;Y;Y;N;Y;N;2025-09-04;2025-09-02;NA
40904371;MED;40904371;PMC12401945;10.1002/ece3.71992;3D Habitat Complexity and Coral Morphology Modulate Reef Fish Functional Structure in a Marine National Park.;Ferreira SB, Burns JHR, Fukunaga A, Tuttle Raz LJ, McKenna SA, Annandale K, Monello RJ.;Ecol Evol;9;15;2025;2045-7758;e71992;"research-article; journal article";Y;Y;Y;Y;N;Y;0;Y;Y;N;Y;N;2025-09-04;2025-09-01;NA
39775357;MED;39775357;PMC11709314;10.1371/journal.pone.0313916;Decreased risk-proneness with increasing age in equally raised and kept wolves and dogs.;Jean-Joseph H, Kortekaas K, Range F, Kotrschal K.;PLoS One;1;20;2025;1932-6203;e0313916;"research-article; journal article";Y;Y;Y;Y;N;Y;0;Y;Y;N;N;Y;2025-01-11;2025-01-08;NA
39618182;MED;39618182;PMC11736340;10.1002/eap.3057;Detecting the effect of intensive agriculture on Odonata diversity using citizen science data.;Baeta R, Léauté J, Sansault É, Pincebourde S.;Ecol Appl;1;35;2025;1051-0761;e3057;"research-article; journal article";Y;Y;Y;Y;N;Y;1;Y;Y;N;Y;Y;2024-12-02;2024-12-02;NA
38949049;MED;38949049;PMC11780213;10.1111/cobi.14326;Reptile responses to fire across the western Mediterranean Basin.;Santos X, Chergui B, Belliure J, Moreira F, Pausas JG.;Conserv Biol;1;39;2025;"1523-1739; 0888-8892; ";e14326;"research-article; journal article";Y;Y;Y;Y;N;Y;3;Y;Y;N;Y;N;2024-07-01;2024-07-01;NA
PMC12339986;PMC;NA;PMC12339986;NA;Fine-scale spatial organisation of deep-sea sea pens in a NE atlantic submarine canyon conservation area;Susini I, Van Audenhaege L, Price D, Pearman T, Mitchell E, Huvenne V.;Sci Rep;1;15;2025;2045-2322;NA;"research-article; journal article";Y;Y;Y;Y;N;Y;0;N;Y;N;N;N;2025-08-14;2025-01-01;NA
40356059;MED;40356059;PMC12143370;10.1111/mec.17793;Diet Driven Differences in Host Tolerance Are Linked to Shifts in Global Gene Expression in a Common Avian Host-Pathogen System.;Sauer EL, Stacy C, Perrine W, Love AC, Lewis JA, DuRant SE.;Mol Ecol;12;34;2025;"0962-1083; 1365-294x; ";e17793;"research-article; journal article";Y;Y;Y;Y;N;Y;1;Y;Y;N;Y;Y;2025-05-20;2025-05-12;NA
40297851;MED;40297851;PMC12035817;10.1093/beheco/araf027;Ecological contexts shape sexual selection on male color morphs in wood tiger moths.;Selenius E, De Pasqual C, Hänninen M, Kartano L, Winters S, Mappes J.;Behav Ecol;3;36;2025;"1045-2249; 1465-7279; ";araf027;"research-article; journal article";Y;Y;Y;Y;N;Y;1;Y;Y;N;Y;Y;2025-04-29;2025-03-31;NA
41249350;MED;41249350;PMC12623740;10.1038/s41598-025-24045-0;Machine learning prediction of STEMI incidence with SHAP interpretation of environmental determinants.;Xu H, Guan H, Zhang Y, Zhang H, Chen R, Zhao H, Du K, Li M, Yu D, Dong K, Peng S, Sun Y, Yin L, Li Y, Song T.;Sci Rep;1;15;2025;2045-2322;40245;"research-article; journal article";Y;Y;Y;Y;N;Y;0;Y;Y;N;N;Y;2025-11-18;2025-11-17;NA
40212919;MED;40212919;PMC11981877;10.1002/ece3.71228;A Picky Predator and Its Prey: How Snow Conditions and Ptarmigan Abundance Impact Gyrfalcon Feeding Behaviour and Breeding Success.;Slettenhaar AJ, Østnes JE, Moen BC, Kroglund RT, Nygård T, Nilsen EB.;Ecol Evol;4;15;2025;2045-7758;e71228;"research-article; journal article";Y;Y;Y;Y;N;Y;0;Y;Y;N;Y;Y;2025-04-11;2025-04-09;NA
40755888;MED;40755888;PMC12318613;10.1002/ece3.71892;"Intraspecific Competition Promotes Oviposition During Host Egg Incubation in the Parasitic Fly &lt;i&gt;Philornis downsi&lt;/i&gt;.";Kofler B, Mosquera D, Heimpel GE, Richner H, Tebbich S.;Ecol Evol;8;15;2025;2045-7758;e71892;"research-article; journal article";Y;Y;Y;Y;N;N;0;Y;Y;N;Y;N;2025-08-04;2025-08-03;NA
PMC12386281;PMC;NA;PMC12386281;NA;Infestation and Larval Habitat Ecology of Aedes aegypti and Aedes albopictus in an Urban Gradient in Vassouras, Rio de Janeiro, Brazil;Caetano G, Xavier S, David M.;Insects;8;16;2025;2075-4450;NA;"research-article; journal article";Y;Y;Y;Y;N;Y;0;N;Y;N;N;N;2025-09-01;2025-08-01;NA
40468043;MED;40468043;PMC12240819;10.1038/s41559-025-02724-5;A general rule on the organization of biodiversity in Earth's biogeographical regions.;Bernardo-Madrid R, González-Suárez M, Rosvall M, Rueda M, Revilla E, Carrete M, Tella JL, Astigarraga J, Calatayud J.;Nat Ecol Evol;7;9;2025;2397-334x;1193-1204;"research-article; journal article";Y;Y;Y;Y;N;Y;0;Y;Y;N;Y;N;2025-06-11;2025-06-04;NA
39922881;MED;39922881;PMC11807194;10.1038/s41598-025-88623-y;Using insecticidal compounds to elucidate the potential role of neurotransmitters in Lepidoptera pupal ecdysis.;Krishnan N, Gorman C, Stewart J, Bradbury S, Jurenka R.;Sci Rep;1;15;2025;2045-2322;4763;"research-article; journal article";Y;Y;Y;Y;N;Y;0;Y;Y;N;Y;N;2025-02-09;2025-02-08;NA
40192444;MED;40192444;PMC12010458;10.1111/mec.17754;Surviving on Limited Resources: Effects of Caloric Restriction on Growth, Gene Expression and Gut Microbiota in a Species With Male Pregnancy (Hippocampus erectus).;Pappert FA, Wüst VA, Fontanes Eguiguren C, Roth O.;Mol Ecol;9;34;2025;"0962-1083; 1365-294x; ";e17754;"research-article; journal article";Y;Y;Y;Y;N;Y;0;Y;Y;N;Y;Y;2025-04-07;2025-04-07;NA
40341276;MED;40341276;PMC12061410;10.1371/journal.pone.0322412;Diversity in trap color and height increases species richness of bark and woodboring beetles detected in multiple funnel traps.;Sweeney J, Gao W, Gutowski JM, Hughes C, Kimoto T, Kostanowicz C, Li Y, MacQuarrie CJK, Mayo P, Meng Q, Mokrzycki T, Silk P, Webster V, Miller DR.;PLoS One;5;20;2025;1932-6203;e0322412;"research-article; journal article";Y;Y;Y;Y;N;Y;0;Y;Y;N;N;N;2025-05-10;2025-05-08;NA
39827207;MED;39827207;PMC11742711;10.1038/s41598-024-84641-4;Optimizing survey conditions for Burmese python detection and removal using community science data.;McCaffrey KR, Miller MA, Balaguera-Reina SA, Romer AS, Kirkland M, Peters A, Metzger EF, Rodgers L, Mazzotti FJ.;Sci Rep;1;15;2025;2045-2322;2421;"research support, non-u.s. gov't; research-article; journal article";Y;Y;Y;Y;N;Y;0;Y;Y;N;Y;N;2025-01-22;2025-01-18;NA
39967439;MED;39967439;PMC11836597;10.1111/ele.70074;Urban Environments Promote Adaptation to Multiple Stressors.;Briski E, Langrehr L, Kotronaki SG, Sidow A, Martinez Reyes CG, Geropoulos A, Steffen G, Theurich N, Dickey JWE, Hütt JC, Haubrock PJ, Soto I, Kouba A, Cuthbert RN.;Ecol Lett;2;28;2025;"1461-023x; 1461-0248; ";e70074;"letter; journal article";Y;Y;Y;Y;N;Y;6;Y;Y;N;Y;Y;2025-02-19;2025-02-01;NA
40510631;MED;40510631;PMC12158794;10.1002/ece3.71575;Diverse Ecological Strategies Increase Invasion Resistance in an Experimental Grassland Restoration.;Ernst AR, Larkin DJ, Kramer AT, Glasenhardt MC, Hipp AL.;Ecol Evol;6;15;2025;2045-7758;e71575;"research-article; journal article";Y;Y;Y;Y;N;N;0;Y;Y;N;Y;N;2025-06-15;2025-06-11;NA
40290389;MED;40290389;PMC12032194;10.1002/ece3.71261;"Sex-Specific Effects of Social Environment on Behaviour and Their Correlations in &lt;i&gt;Drosophila melanogaster&lt;/i&gt;.";Macartney EL, Burke S, Pottier P, Hamoudi Z, Hart C, Ahmed R, Lin YQ, Neely GG, Drobniak SM, Nakagawa S.;Ecol Evol;4;15;2025;2045-7758;e71261;"research-article; journal article";Y;Y;Y;Y;N;Y;0;Y;Y;N;Y;N;2025-04-29;2025-04-25;NA
40519851;MED;40519851;PMC12166657;10.1093/beheco/araf046;A family history: effects of parental age on offspring life-history traits in bighorn sheep.;Marchand E, Renaud LA, Festa-Bianchet M.;Behav Ecol;4;36;2025;"1045-2249; 1465-7279; ";araf046;"research-article; journal article";Y;Y;Y;Y;N;Y;0;Y;Y;N;Y;Y;2025-06-16;2025-05-08;NA
40440350;MED;40440350;PMC12121815;10.1371/journal.pone.0324248;Factors shaping giraffe behavior in U.S. zoos: A multi-institutional study to inform management.;Wark JD, Cronin KA.;PLoS One;5;20;2025;1932-6203;e0324248;"research-article; journal article";Y;Y;Y;Y;N;Y;0;Y;Y;N;Y;N;2025-05-31;2025-05-29;NA
39816957;MED;39816957;PMC11729212;10.1007/s10980-024-02016-6;Nineteenth-century land use shapes the current occurrence of some plant species, but weakly affects the richness and total composition of Central European grasslands.;Midolo G, Skokanová H, Clark AT, Vymazalová M, Chytrý M, Dullinger S, Essl F, Šibík J, Keil P.;Landsc Ecol;1;40;2025;0921-2973;22;"research-article; journal article";Y;Y;Y;Y;N;Y;0;Y;Y;N;Y;N;2025-01-16;2025-01-13;NA
40718698;MED;40718698;PMC12300472;10.1002/ece3.71812;Manipulating Individual State During Migration: Carry-Over Effects of Cumulative Stress on Survival.;Grentzmann IP, Gauthier G, Angelier F, Bêty J, LeTourneux F, Legagneux P.;Ecol Evol;7;15;2025;2045-7758;e71812;"research-article; journal article";Y;Y;Y;Y;N;Y;0;Y;Y;N;Y;N;2025-07-28;2025-07-27;NA
41237140;MED;41237140;PMC12617923;10.1371/journal.pone.0336943;Field evaluation of ethnomedicinal plants' smoke knockdown and repellent efficacy against pre-bedtime biting malaria vectors in Mazowe district, Zimbabwe.;Nyasvisvo DS, Sande S, Sithole R, Nhiwatiwa T.;PLoS One;11;20;2025;1932-6203;e0336943;"research-article; journal article";Y;Y;Y;Y;N;N;0;Y;Y;N;N;N;2025-11-15;2025-11-14;NA
40256745;MED;40256745;PMC12007501;10.7717/peerj.19226;"&lt;i&gt;Endozoicomonas&lt;/i&gt; dominance and Vibrionaceae stability underpin resilience in urban coral &lt;i&gt;Madracis auretenra&lt;/i&gt;.";Ruiz-Toquica J, Franco Herrera A, Medina M.;PeerJ;NA;13;2025;2167-8359;e19226;"research-article; journal article";Y;Y;Y;Y;N;Y;3;Y;Y;N;Y;Y;2025-04-21;2025-04-15;NA
40594654;MED;40594654;PMC12219761;10.1038/s41598-025-06041-6;Killer whale call detection rates vary among subspecies and populations in the North Pacific.;Myers HJ, Olsen DW, Konar BH, Whitney A, Birch K, Dugan P, Mueter FJ, Guazzo RA, Horstmann LA, Matkin CO.;Sci Rep;1;15;2025;2045-2322;21072;"research-article; journal article";Y;Y;Y;Y;N;Y;0;Y;Y;N;Y;Y;2025-07-02;2025-07-01;NA
40982383;MED;40982383;PMC12453138;10.1111/ele.70218;Millennia of Metacommunity Diversification and Homogenization Captured by Sedimentary Ancient DNA.;Rijal DP, Bråthen KA, Brown AG, Heintzman PD, Alsos IG, Yoccoz NG.;Ecol Lett;9;28;2025;"1461-023x; 1461-0248; ";e70218;"letter; journal article";Y;Y;Y;Y;N;Y;1;Y;Y;N;Y;N;2025-09-24;2025-09-01;NA
39605240;MED;39605240;PMC11701869;10.1111/mec.17603;Extreme Environmental Variability Induces Frontloading of Coral Biomineralisation Genes to Maintain Calcification Under pCO<sub>2</sub> Variability.;Brown KT, Dellaert Z, Martynek MP, Durian J, Mass T, Putnam HM, Barott KL.;Mol Ecol;2;34;2025;"0962-1083; 1365-294x; ";e17603;"research-article; journal article";Y;Y;Y;Y;N;Y;2;Y;Y;N;Y;Y;2024-11-28;2024-11-28;NA
40294088;MED;40294088;PMC12036921;10.1371/journal.pone.0320186;Spatiotemporal heterogeneity of bicycle ridership based on GTWR model.;Zhang X, Yan X, Yan B, Jiao S, Zhang L.;PLoS One;4;20;2025;1932-6203;e0320186;"research-article; journal article";Y;Y;Y;Y;N;Y;0;Y;Y;N;Y;N;2025-04-29;2025-04-28;NA
40233114;MED;40233114;PMC11999120;10.1371/journal.pone.0320877;Spruce vs. pine did not impact soil organic carbon density but strongly affected a functionally important dwarf shrub in a boreal production forest system.;Hegland SJ, Olsson EE, Stensaker M, Gilhuus J, Snook B, Rydgren K, Gillespie MAK.;PLoS One;4;20;2025;1932-6203;e0320877;"research-article; journal article";Y;Y;Y;Y;N;Y;0;Y;Y;N;Y;N;2025-04-15;2025-04-15;NA
41366499;MED;41366499;PMC12690926;10.1186/s40462-025-00615-9;Radio telemetry of butterflies: practical insights and critical tag-weight thresholds.;Heitzler S, Dallmöller S, Hinneberg H, Murillo-Hiller LR, Gottschalk TK.;Mov Ecol;1;13;2025;2051-3933;86;"research-article; journal article";Y;Y;Y;Y;N;Y;0;Y;Y;N;N;N;2025-12-10;2025-12-09;NA
39891496;MED;39891496;PMC11880652;10.1111/1365-2656.14247;Drivers of individual differences in the sleep behaviour of fallow deer neonates.;Mortlock E, English H, Börger L, Matas D, Koren L, Capellini I, Jennings D.;J Anim Ecol;3;94;2025;"0021-8790; 1365-2656; ";449-461;"research-article; journal article";Y;Y;Y;Y;N;Y;2;Y;Y;N;Y;N;2025-02-03;2025-02-01;NA
39821144;MED;39821144;PMC11737689;10.1371/journal.pone.0311986;Advancing biomonitoring of eDNA studies with the Anaconda R package: Integrating soil and One Health perspectives in the face of evolving traditional agriculture practices.;Stenger PL, Léopold A, Dinh K, Mournet P, Robert N, Drouin J, Wamejonengo J, Russet S, Ibanez T, Maggia L, Carriconde F.;PLoS One;1;20;2025;1932-6203;e0311986;"research-article; journal article";Y;Y;Y;Y;N;Y;3;Y;Y;N;N;N;2025-01-18;2025-01-16;NA
41238653;MED;41238653;PMC12618534;10.1038/s41598-025-23674-9;Bacteria associated with the cereal leaf beetle act as the insect's allies in adapting to protease inhibitors, but impair its development in laboratory condition.;Wielkopolan B, Szabelska-Beręsewicz A, Obrępalska-Stęplowska A.;Sci Rep;1;15;2025;2045-2322;39944;"research-article; journal article";Y;Y;Y;Y;N;Y;0;Y;Y;N;Y;Y;2025-11-15;2025-11-14;NA
40737396;MED;40737396;PMC12309664;10.1126/sciadv.adt8600;Better and faster decisions by larger fish shoals in the wild.;Pacher K, Bierbach D, Sevinchan Y, Vollmoeller C, Juarez-Lopez A, Jiménez-Jiménez JE, Krause S, Wolf M, Romanczuk P, Arias-Rodríguez L, Krause J.;Sci Adv;31;11;2025;2375-2548;eadt8600;"research-article; journal article";Y;Y;Y;Y;N;Y;1;Y;Y;N;Y;N;2025-07-31;2025-07-30;NA
41177940;MED;41177940;PMC12580470;10.1002/eap.70118;Temporal displacement of the mammal community in a protected area due to hunting and recreational activities.;Peters A, Smith AF, Henrich M, Dormann CF, Heurich M.;Ecol Appl;7;35;2025;1051-0761;e70118;"research-article; journal article";Y;Y;Y;Y;N;Y;1;Y;Y;N;Y;N;2025-11-03;2025-10-01;NA
41302896;MED;41302896;PMC12653917;10.3390/insects16111150;"Overwintering Ecology and Novel Trapping Strategies for Sustainable Management of the Common Pistachio Psyllid (&lt;i&gt;Agonoscena pistaciae&lt;/i&gt;) in Pistachio Orchards.";Laz B.;Insects;11;16;2025;2075-4450;1150;"research-article; journal article";Y;Y;Y;Y;N;N;0;Y;Y;N;N;N;2025-11-27;2025-11-10;NA
40979803;MED;40979803;PMC12449065;10.1093/beheco/araf086;Divergent alternative mating tactics in convergent male reproductive morphs.;Zhang R, Bailey NW.;Behav Ecol;5;36;2025;"1045-2249; 1465-7279; ";araf086;"research-article; journal article";Y;Y;Y;Y;N;Y;0;Y;Y;N;Y;N;2025-09-24;2025-08-07;NA
40420276;MED;40420276;PMC12105146;10.1186/s12862-025-02391-x;Temporal patterns and environmental drivers of the red junglefowl vocalization.;Hao P, Rao X, Liang W, Zhang Y.;BMC Ecol Evol;1;25;2025;2730-7182;54;"research-article; journal article";Y;Y;Y;Y;N;N;1;Y;Y;N;Y;N;2025-05-27;2025-05-26;NA
40429208;MED;40429208;PMC12111942;10.3390/insects16050495;"Sexual Development of &lt;i&gt;Silba adipata&lt;/i&gt; (Diptera: Lonchaeidae): Effects of Diet, Ultraviolet Light and Fig Latex.";Díaz-Del-Castillo R, Córdova-García G, Pérez-Staples D, Birke A, Williams T, Lasa R.;Insects;5;16;2025;2075-4450;495;"research-article; journal article";Y;Y;Y;Y;N;Y;1;Y;Y;N;N;N;2025-05-28;2025-05-05;NA
39896772;MED;39896772;PMC11783233;10.1002/ece3.70943;Breeding-Related Changes in Social Interactions Among Female Vulturine Guineafowl.;Dehnen T, Nyaguthii B, Cherono W, Boogert NJ, Farine DR.;Ecol Evol;2;15;2025;2045-7758;e70943;"research-article; journal article";Y;Y;Y;Y;N;Y;0;Y;Y;N;Y;N;2025-02-04;2025-01-31;NA
40836053;MED;40836053;PMC12368117;10.1038/s41598-025-12928-1;An approach to using stranding data to monitor cetacean population trends and guide conservation strategies.;Lennon RL, Williams RS, Allan KJ, Ten Doeschate MTI, Davison NJ, Babayan SA, Brownlow AC.;Sci Rep;1;15;2025;2045-2322;28417;"research-article; journal article";Y;Y;Y;Y;N;Y;0;Y;Y;N;Y;N;2025-08-22;2025-08-20;NA
40560830;MED;40560830;PMC12194239;10.1371/journal.pone.0325556;Demographic rise of sea urchin Centrostephanus sylviae on Robinson Crusoe and Santa Clara Islands at the Juan Fernandez Archipelago: A biophysical and ecological approach.;Nuñez-Espinosa V, Parada C, Tapia B, Ernst B, Porobic J, Véliz D, Hinojosa I, Yévenes-Vega L.;PLoS One;6;20;2025;1932-6203;e0325556;"research-article; journal article";Y;Y;Y;Y;N;Y;0;Y;Y;N;N;N;2025-06-26;2025-06-25;NA
41249239;MED;41249239;PMC12623912;10.1038/s41598-025-23826-x;Modeling invasion risk of Mimosa pigra L. in Northeastern Thailand using Bayesian count models.;Gomontean B, Pingal AC, Khamthong K.;Sci Rep;1;15;2025;2045-2322;40156;"research-article; journal article";Y;Y;Y;Y;N;N;0;Y;Y;N;N;N;2025-11-18;2025-11-17;NA
40108992;MED;40108992;PMC12010461;10.1111/mec.17739;Shared Dispersal Patterns but Contrasting Levels of Gene Flow in Two Anadromous Salmonids Along a Broad Subarctic Coastal Gradient.;Bouchard R, Babin C, Normandeau E, Xuereb A, Boulanger F, Coxon A, Diamond S, Fireman R, Lameboy J, Louttit N, Natawapineskum G, Okimaw D, Torio D, Varty S, Moore JS, Fraser D, Bernatchez L.;Mol Ecol;9;34;2025;"0962-1083; 1365-294x; ";e17739;"research-article; journal article";Y;Y;Y;Y;N;Y;0;Y;Y;N;Y;Y;2025-03-20;2025-03-20;NA
39800782;MED;39800782;PMC11725577;10.1038/s41598-025-85494-1;Sugar conditioning combined with nectar nonsugar compounds enhances honey bee pollen foraging in a nectarless diocious crop.;Verellen F, Palottini F, Estravis-Barcala MC, Farina WM.;Sci Rep;1;15;2025;2045-2322;1756;"research support, non-u.s. gov't; research-article; journal article";Y;Y;Y;Y;N;Y;0;Y;Y;N;Y;N;2025-01-14;2025-01-12;NA
41225840;MED;41225840;PMC12609513;10.3390/plants14213290;Impact of Water Sediment Quality on Germination of Submerged Aquatic Plants in Flemish Streams.;Van der Cruysse L, Cock A, Boets P, Goethals PLM.;Plants (Basel);21;14;2025;2223-7747;3290;"research-article; journal article";Y;Y;Y;Y;N;N;0;Y;Y;N;N;N;2025-11-14;2025-10-28;NA
40529335;MED;40529335;PMC12171244;10.1002/ece3.71550;Seasonal Variation of Forest Butterfly Diversity in Tropical Lowland Nepal.;Miya MS, Shrestha S, Dhakal A, Shrestha S, Karki R, Thapa K, Simkhada N, Chataut P, Tamang PM, Chhetri A.;Ecol Evol;6;15;2025;2045-7758;e71550;"research-article; journal article";Y;Y;Y;Y;N;N;0;Y;Y;N;N;Y;2025-06-18;2025-06-17;NA
40599881;MED;40599881;PMC12210148;10.1002/ece3.71674;Complementing Beach Seining With Dive Surveys Improves Fine-Scale Resolution of 0-Group Gadoid Distributions in Nearshore Habitats.;Valliant ML, Nickel A, Edvardsson R, Ólafsdóttir GÁ.;Ecol Evol;7;15;2025;2045-7758;e71674;"research-article; journal article";Y;Y;Y;Y;N;Y;0;Y;Y;N;Y;N;2025-07-03;2025-07-01;NA
40544360;MED;40544360;PMC12182722;10.1002/ecy.70121;Hidden influence of fire on locally rare and cryptic reptile species.;Smith AL, Lim ASY.;Ecology;6;106;2025;"1939-9170; 0012-9658; ";e70121;"research-article; journal article";Y;Y;Y;Y;N;Y;1;Y;Y;N;N;N;2025-06-24;2025-06-01;NA
41285970;MED;41285970;PMC12644552;10.1038/s41598-025-25471-w;First characterization of mosquito vector abundance and diversity on commercial swine farms in the United States.;Edache S, Edache D, Mauler L, Thackrah A, Horton V, Hanthorn C, Dixon A, Mitzel D, Cohnstaedt LW, Cernicchiaro N.;Sci Rep;1;15;2025;2045-2322;41566;"research-article; journal article";Y;Y;Y;Y;N;Y;0;Y;Y;N;N;N;2025-11-25;2025-11-24;NA
40700368;MED;40700368;PMC12286340;10.1371/journal.pone.0327543;Woody plant encroachment drives the decline of a grassland bird: The fate of golden-shouldered parrot (Psephotellus chrysopterygius) nests.;Crowley GM, Shephard S, Murphy SA, Garnett ST.;PLoS One;7;20;2025;1932-6203;e0327543;"research-article; journal article";Y;Y;Y;Y;N;Y;0;Y;Y;N;Y;N;2025-07-24;2025-07-23;NA
40773234;MED;40773234;PMC12358902;10.1073/pnas.2501435122;Tracing SARS-CoV-2 clusters across local scales using genomic data.;Lyu L, Gill M, Stott G, Subedi S, Dailey C, Veytsel G, Alabady M, Fujimoto K, Penn R, Brown P, Sealy R, Bahl J.;Proc Natl Acad Sci U S A;32;122;2025;"0027-8424; 1091-6490; ";e2501435122;"research-article; journal article";Y;Y;Y;Y;N;Y;0;Y;Y;N;Y;Y;2025-08-08;2025-08-07;NA
41223270;MED;41223270;PMC12609067;10.1126/sciadv.adw0685;Coevolution of cooperative lifestyles and reduced cancer prevalence in mammals.;Sierra C, Maxwell J, Flaibani N, de la Vega CS, Ventura AC, Lavagnino NJ, Blaustein M.;Sci Adv;46;11;2025;2375-2548;eadw0685;"research-article; journal article";Y;Y;Y;Y;N;Y;0;Y;Y;N;Y;N;2025-11-14;2025-11-12;NA
40231377;MED;40231377;PMC11997735;10.1111/gcb.70138;Multi-Species Telemetry Quantifies Current and Future Efficacy of a Remote Marine Protected Area.;Gilmour ME, Pollock K, Adams J, Block BA, Caselle JE, Filous A, Friedlander AM, Game ET, Hazen EL, Hill M, Holmes ND, Lafferty KD, Maxwell SM, McCauley DJ, Schallert R, Shaffer SA, Wolff NH, Wegmann A.;Glob Chang Biol;4;31;2025;"1354-1013; 1365-2486; ";e70138;"research-article; journal article";Y;Y;Y;Y;N;Y;0;Y;Y;N;Y;Y;2025-04-15;2025-04-01;NA
41032509;MED;41032509;PMC12488016;10.1371/journal.pone.0319238;The impact of wildfires on the diet of Podarcis lusitanicus revealed by DNA metabarcoding.;Simões C, Vasconcelos DS, Xavier R, Santos X, Rato C, Harris DJ.;PLoS One;10;20;2025;1932-6203;e0319238;"research-article; journal article";Y;Y;Y;Y;N;Y;0;Y;Y;N;Y;N;2025-10-01;2025-10-01;NA
41140314;MED;41140314;PMC12547483;10.1002/ece3.72384;Variation in Small Mammal Species Composition and the Occurrence of Parasitic Mites in Two Landscapes in a Scrub Typhus Endemic Region of Western Yunnan Province, China.;Luo YY, Yin JX, Shao ZT, Liu ZK, Yin SQ, Lu JL, Li JC, Wei R, Geater AF.;Ecol Evol;10;15;2025;2045-7758;e72384;"research-article; journal article";Y;Y;Y;Y;N;Y;0;Y;Y;N;N;N;2025-10-27;2025-10-23;NA
40740802;MED;40740802;PMC12305352;10.1002/ece3.71872;"High Ambient Temperatures Are Associated With Reduced Foraging Capacity in an Equatorial Mammal, the Banded Mongoose (&lt;i&gt;Mungos mungo&lt;/i&gt;).";Khera M, Arbuckle K, Bwambale O, Mwanguhya F, Nicholl MH, Cant MA, Nichols HJ.;Ecol Evol;8;15;2025;2045-7758;e71872;"research-article; journal article";Y;Y;Y;Y;N;Y;0;Y;Y;N;Y;N;2025-08-01;2025-07-29;NA
40190799;MED;40190799;PMC11968420;10.1002/ece3.71054;"Population Genetics Provides Insights Into the Impact of Future Climate Change on the Genetic Structure and Distribution of Asian Warty Newts (Genus &lt;i&gt;Paramesotriton&lt;/i&gt;).";Van Tran D, Suzuki T, Fukuyama I, Vera RJ, Nishikawa K.;Ecol Evol;4;15;2025;2045-7758;e71054;"research-article; journal article";Y;Y;Y;Y;N;Y;0;Y;Y;N;Y;Y;2025-04-07;2025-04-03;NA
40556505;MED;40556505;PMC12188285;10.1111/ele.70159;Parasite-Mediated Competition Limits Dominant Cervid Competitor.;Grauer JA, Twining JP, Lejeune M, Frair JL, Schuler KL, Kramer DW, Fuller AK.;Ecol Lett;6;28;2025;"1461-023x; 1461-0248; ";e70159;"letter; journal article";Y;Y;Y;Y;N;Y;1;Y;Y;N;Y;Y;2025-06-25;2025-06-01;NA
40949732;MED;40949732;PMC12428538;10.7717/peerj.19942;Mimicry between adult rove beetles and assassin bug nymphs with unequal defenses: antagonistic or mutualistic?;Sugiura S, Hayashi M.;PeerJ;NA;13;2025;2167-8359;e19942;"research-article; journal article";Y;Y;Y;Y;N;Y;0;Y;Y;N;Y;Y;2025-09-16;2025-09-09;NA
39530499;MED;39530499;PMC11959348;10.1111/cobi.14411;Effects of snake fungal disease (ophidiomycosis) on the skin microbiome across two major experimental scales.;Romer AS, Grisnik M, Dallas JW, Sutton W, Murray CM, Hardman RH, Blanchard T, Hanscom RJ, Clark RW, Godwin C, Alexander NR, Moe KC, Cobb VA, Eaker J, Colvin R, Thames D, Ogle C, Campbell J, Frost C, Brubaker RL, Snyder SD, Rurik AJ, Cummins CE, Ludwig DW, Phillips JL, Walker DM.;Conserv Biol;2;39;2025;"1523-1739; 0888-8892; ";e14411;"research-article; journal article";Y;Y;Y;Y;N;Y;1;Y;Y;N;Y;Y;2024-11-16;2024-11-12;NA
40661920;MED;40661920;PMC12256774;10.1002/ece3.71565;"Spatio-Temporal Variation in Diet Among Age and Sex Cohorts of a Model Generalist Bird Species, the Great Tit &lt;i&gt;Parus major&lt;/i&gt;: New Insights Revealed by DNA Metabarcoding.";Coomes JR, Cuff JP, Reichert MS, Davidson GL, Symondson WOC, Quinn JL.;Ecol Evol;7;15;2025;2045-7758;e71565;"research-article; journal article";Y;Y;Y;Y;N;Y;0;Y;Y;N;Y;N;2025-07-15;2025-07-14;NA
40989563;MED;40989563;PMC12450605;10.1002/ece3.72193;"Population Declines of the Oriental Magpie &lt;i&gt;Pica serica&lt;/i&gt; (Corvidae) in the Saga Plain, Japan: Relationships With Land Use Patterns, Nesting Sites, and Breeding Success.";Nagafuchi T, Bussaka Y, Ikegami M, Tsuchiya K, Tokuda M.;Ecol Evol;9;15;2025;2045-7758;e72193;"research-article; journal article";Y;Y;Y;Y;N;Y;0;Y;Y;N;Y;N;2025-09-25;2025-09-21;NA
40098450;MED;40098450;PMC12056345;10.1111/1365-2656.70026;Sex-specific variation in thermal sensitivity has multiple negative effects on reproductive trait performance.;Pembury Smith MQR, Trojmar D, Gotthard K, Wiklund C, Snook RR.;J Anim Ecol;5;94;2025;"0021-8790; 1365-2656; ";943-957;"research support, non-u.s. gov't; research-article; journal article";Y;Y;Y;Y;N;Y;2;Y;Y;N;Y;Y;2025-03-18;2025-03-18;NA
41358538;MED;41358538;PMC12683984;10.1002/eap.70160;Seasonal effects of farmer-managed livestock grazing exclusions on bird communities in Burkina Faso.;Quintas I, Marcacci G, Zongo AN, Korner P, Kuttnig A, Spaar R, Diakité B, Kaguembèga-Müller F, Jacot A.;Ecol Appl;8;35;2025;1051-0761;e70160;"research-article; journal article";Y;Y;Y;Y;N;Y;0;Y;Y;N;Y;Y;2025-12-08;2025-12-01;NA
39558756;MED;39558756;PMC11665495;10.1111/mec.17591;The Genomic Signature and Transcriptional Response of Metal Tolerance in Brown Trout Inhabiting Metal-Polluted Rivers.;Paris JR, King RA, Ferrer Obiol J, Shaw S, Lange A, Bourret V, Hamilton PB, Rowe D, Laing LV, Farbos A, Moore K, Moore K, Urbina MA, van Aerle R, Catchen JM, Wilson RW, Bury NR, Santos EM, Stevens JR.;Mol Ecol;1;34;2025;"0962-1083; 1365-294x; ";e17591;"research-article; journal article";Y;Y;Y;Y;N;Y;2;Y;Y;N;Y;N;2024-11-20;2024-11-19;NA
40533559;MED;40533559;PMC12328235;10.1038/s41586-025-09154-0;Major expansion in the human niche preceded out of Africa dispersal.;Hallett EY, Leonardi M, Cerasoni JN, Will M, Beyer R, Krapp M, Kandel AW, Manica A, Scerri EML.;Nature;8075;644;2025;"0028-0836; 1476-4687; ";115-121;"historical article; research-article; journal article";Y;Y;Y;Y;N;Y;2;Y;Y;N;Y;N;2025-06-19;2025-06-18;NA
41076580;MED;41076580;PMC12515398;10.1002/ecy.70204;Marine resources alter tundra food web dynamics by subsidizing a terrestrial predator on the sea ice.;Johnson-Bice SM, Baldwin FB, Richardson ES, Roth JD.;Ecology;10;106;2025;"1939-9170; 0012-9658; ";e70204;"research-article; journal article";Y;Y;Y;Y;N;Y;0;Y;Y;N;Y;Y;2025-10-12;2025-10-01;NA
41084912;MED;41084912;PMC12673240;10.1111/1365-2656.70153;Disentangling the influence of environmental conditions on sex determination in haplodiploid organisms.;Wittmann K, Klein AM, Pichler M, Staab M.;J Anim Ecol;12;94;2025;"0021-8790; 1365-2656; ";2584-2596;"research-article; journal article";Y;Y;Y;Y;N;Y;0;Y;Y;N;N;Y;2025-10-14;2025-10-14;NA
40877366;MED;40877366;PMC12394560;10.1038/s41598-025-15677-3;Resource use of dusky and Galapagos sharks in response to fishing activities at a remote Pacific Island.;Matley JK, Meyer L, Roberts CN, Clarke TM, Scott M, Barnett A, Huveneers C.;Sci Rep;1;15;2025;2045-2322;31743;"research-article; journal article";Y;Y;Y;Y;N;Y;0;Y;Y;N;Y;N;2025-09-04;2025-08-28;NA
40823059;MED;40823059;PMC12353013;10.1002/ece3.71958;"Male Mating Preference for Larger Females Does Not Vary Among Age Classes in the Long-Lived Beetle &lt;i&gt;Bolitotherus cornutus&lt;/i&gt;.";Jiron GM, Greene CA, Brodie ED, Formica VA.;Ecol Evol;8;15;2025;2045-7758;e71958;"research-article; journal article";Y;Y;Y;Y;N;Y;0;Y;Y;N;Y;N;2025-08-21;2025-08-14;NA
40344217;MED;40344217;PMC12061797;10.1002/ecy.70103;Flower power: Modeling floral resources of wild cherry (Prunus avium L.) for bee pollinators based on 3D data.;Schindler Z, Larysch E, Fornoff F, Kröner K, Obladen N, Klein AM, Seifert T, Vonderach C, Morhart C.;Ecology;5;106;2025;"1939-9170; 0012-9658; ";e70103;"research-article; journal article";Y;Y;Y;Y;N;Y;0;Y;Y;N;N;N;2025-05-10;2025-05-01;NA
40289691;MED;40289691;PMC12100590;10.1111/mec.17782;Host-Microbiome Associations of Native and Invasive Small Mammals Across a Tropical Urban-Rural Ecotone.;Giacomini A, Lakim MB, Tuh FYY, Hitchings M, Consuegra S, Webster TU, Wells K.;Mol Ecol;11;34;2025;"0962-1083; 1365-294x; ";e17782;"research-article; journal article";Y;Y;Y;Y;N;Y;0;Y;Y;N;Y;Y;2025-04-29;2025-04-28;NA
38041538;MED;38041538;PMC11696488;10.1111/1755-0998.13898;Benchmarking the Mantel test and derived methods for testing association between distance matrices.;Quilodrán CS, Currat M, Montoya-Burgos JI.;Mol Ecol Resour;2;25;2025;"1755-0998; 1755-098x; ";e13898;"research-article; journal article";Y;Y;Y;Y;N;Y;12;Y;Y;N;Y;N;2023-12-03;2023-12-02;NA
41229698;MED;41229698;PMC12604942;10.1002/ece3.72435;Social Interactions Are Related to Cognitive Development in Western Australian Magpie Fledglings.;Speechley EM, Ashton BJ, Thornton A, King SL, Simmons LW, Ridley AR.;Ecol Evol;11;15;2025;2045-7758;e72435;"research-article; journal article";Y;Y;Y;Y;N;Y;0;Y;Y;N;Y;N;2025-11-14;2025-11-11;NA
40671726;MED;40671726;PMC12266807;10.1002/ece3.71670;Ground-Dwelling Spider Community Responses to Forest Management in a Mediterranean Oak Forest.;Ménival C, Santonja M, Mazzia C, Spataro V, Brousset L, Pavon D, Dupouyet S, Le Bagousse-Pinguet Y, Gros R.;Ecol Evol;7;15;2025;2045-7758;e71670;"research-article; journal article";Y;Y;Y;Y;N;Y;1;Y;Y;N;Y;N;2025-07-17;2025-07-16;NA
40108247;MED;40108247;PMC11923366;10.1038/s41598-025-93717-8;The impact of invasive Sinanodonta woodiana (Bivalvia, Unionidae) and mussel macroparasites on the egg distribution of parasitic bitterling fish in host mussels.;Halabowski D, Pyrzanowski K, Zięba G, Grabowska J, Przybylski M, Smith C, Reichard M.;Sci Rep;1;15;2025;2045-2322;9417;"research-article; journal article";Y;Y;Y;Y;N;Y;1;Y;Y;N;Y;Y;2025-03-20;2025-03-19;NA
40367138;MED;40367138;PMC12077724;10.1371/journal.pone.0320768;Combining N-mixture and occupancy analysis offers a more complete picture of carnivore habitat use in Northeastern Türkiye.;Blount JD, Green AM, Chynoweth M, Çoban E, Kusak J, Şekercioğlu ÇH.;PLoS One;5;20;2025;1932-6203;e0320768;"research-article; journal article";Y;Y;Y;Y;N;Y;0;Y;Y;N;Y;N;2025-05-21;2025-05-14;NA
40265750;MED;40265750;PMC11944743;10.3390/plants14060837;Impacts of Leaf Damage Intensity on Ant-Plant Protection Mutualism and Plant Fitness.;Pimenta ICO, Calixto ES, Del-Claro K.;Plants (Basel);6;14;2025;2223-7747;837;"research-article; journal article";Y;Y;Y;Y;N;N;2;Y;Y;N;Y;N;2025-04-24;2025-03-07;NA
PMC12138964;PMC;NA;PMC12138964;NA;Body size as a mediator of climatic effects: Insights from a long‐term study of social Iberian magpies;Avilés J, de la Cruz C, González‐Medina E, Villegas A, Valencia J, Masero J.;Ecology.;6;106;2025;0012-9658;NA;"research-article; journal article";Y;Y;Y;Y;N;Y;0;N;Y;N;Y;Y;2025-06-07;2025-06-01;NA
40555800;MED;40555800;PMC12328225;10.1038/s41559-025-02765-w;Spatio-temporal variability in forest biodiversity associated with human well-being across socio-economic deprivation gradients.;Fisher JC, Dallimer M, Austen GE, Irvine KN, Aizlewood SG, King PM, Jackson HA, Fish RD, Davies ZG.;Nat Ecol Evol;8;9;2025;2397-334x;1382-1392;"research-article; journal article";Y;Y;Y;Y;N;Y;0;Y;Y;N;Y;N;2025-06-25;2025-06-24;NA
41140304;MED;41140304;PMC12552807;10.1002/ece3.72349;Reduced Adult Survival Estimated in Areas of Decline of Harbour Seal Populations in Scotland.;Arso Civil M, Tapp S, Dickens J, Langley I, Hiley HM, Terrapon M, Hague E, Hewitt RC, Cordes LS, Graham IM, Cheney BJ, Thompson PM, Hall A, Sparling CE.;Ecol Evol;10;15;2025;2045-7758;e72349;"research-article; journal article";Y;Y;Y;Y;N;N;0;Y;Y;N;Y;N;2025-10-27;2025-10-25;NA
PMC12334639;PMC;NA;PMC12334639;NA;Metabarcoding provides accurate estimation of volumetric diet composition in a top predator despite interference from blocking primers;Zabala J, Acebes P, Madeira M, Fernández E, Gómez-Moliner B, Cabodevilla X.;Sci Rep;1;15;2025;2045-2322;NA;"research-article; journal article";Y;Y;Y;Y;N;Y;0;N;Y;N;N;N;2025-08-11;2025-01-01;NA
40727909;MED;40727909;PMC12302502;10.1093/beheco/araf064;Passive debris cloaking in beetles provides non-visual camouflage against predatory ants.;Greig K, Buckley TR, Leschen RAB, Holwell GI.;Behav Ecol;4;36;2025;"1045-2249; 1465-7279; ";araf064;"research-article; journal article";Y;Y;Y;Y;N;Y;0;Y;Y;N;Y;N;2025-07-30;2025-07-28;NA
41343446;MED;41343446;PMC12677568;10.1371/journal.pone.0337968;Violent deaths following disasters: A retrospective analysis.;Scales SE, Camphausen LC, Horney JA, Kintziger KW.;PLoS One;12;20;2025;1932-6203;e0337968;"research-article; journal article";Y;Y;Y;Y;N;Y;0;Y;Y;N;N;N;2025-12-05;2025-12-04;NA
41302823;MED;41302823;PMC12653881;10.3390/insects16111077;"Prey Preference of &lt;i&gt;Neoseiulus californicus&lt;/i&gt; (McGregor) (Mesostigmata: Phytoseiidae) When Offered Two Strawberry Pests, &lt;i&gt;Scirtothrips dorsalis&lt;/i&gt; Hood (Thysanoptera: Thripidae) and &lt;i&gt;Tetranychus urticae&lt;/i&gt; Koch (Acari: Tetranychidae).";Busuulwa A, Gutiérrez AC, Lahiri S.;Insects;11;16;2025;2075-4450;1077;"research-article; journal article";Y;Y;Y;Y;N;N;0;Y;Y;N;Y;N;2025-11-27;2025-10-22;NA
40234759;MED;40234759;PMC12001624;10.1186/s12862-025-02373-z;Understanding the role of ecological divergence in the evolution of isolated populations in the Arremonops rufivirgatus species complex across Mesoamerica.;Fernández-Gómez RA, Prieto-Torres DA, Navarro-Sigüenza AG, Sánchez-González LA.;BMC Ecol Evol;1;25;2025;2730-7182;34;"research-article; journal article";Y;Y;Y;Y;N;Y;0;Y;Y;N;Y;N;2025-04-17;2025-04-16;NA
39919107;MED;39919107;PMC11805435;10.1371/journal.pone.0313849;Introduction risk of fire ants through container cargo in ports: Data integration approach considering a logistic network.;Homma S, Murakami D, Hosokawa S, Kanefuji K.;PLoS One;2;20;2025;1932-6203;e0313849;"research-article; journal article";Y;Y;Y;Y;N;Y;0;Y;Y;N;Y;N;2025-02-08;2025-02-07;NA
41055984;MED;41055984;PMC12541334;10.1073/pnas.2504496122;Causes and consequences of disordered hyperuniformity in global drylands.;Hu W, Cui L, Delgado-Baquerizo M, Solé R, Kéfi S, Berdugo M, Xu N, Wang B, Liu QX, Xu C.;Proc Natl Acad Sci U S A;41;122;2025;"0027-8424; 1091-6490; ";e2504496122;"research-article; journal article";Y;Y;Y;Y;N;Y;1;Y;Y;N;Y;Y;2025-10-07;2025-10-07;NA
40060728;MED;40060728;PMC11886417;10.1002/ece3.71007;Evaluating Three Modelling Frameworks for Assessing Changes in Fin Whale Distribution in the Mediterranean Sea.;Grossi F, Hazen EL, Leo G, David L, Di-Méglio N, Arcangeli A, Pasanisi E, Campana I, Paraboschi M, Castelli A, Rosso M, Moulins A, Tepsich P.;Ecol Evol;3;15;2025;2045-7758;e71007;"research-article; journal article";Y;Y;Y;Y;N;Y;0;Y;Y;N;Y;Y;2025-03-11;2025-03-07;NA
41112765;MED;41112765;PMC12533534;10.7717/peerj.20163;The effects of naproxen sodium on the growth, reproduction, survival, and feeding of a freshwater pond snail.;Becker R, Hamman E.;PeerJ;NA;13;2025;2167-8359;e20163;"research-article; journal article";Y;Y;Y;Y;N;N;0;Y;Y;N;Y;Y;2025-10-20;2025-10-14;NA
40009682;MED;40009682;PMC11864193;10.1126/sciadv.ads6417;Transformation of flg22 perception into electrical signals decoded in vasculature leads to sieve tube blockage and pathogen resistance.;Furch ACU, Zimmermann MR, Noll GA, Wrobel LS, Scholz SS, Buxa-Kleeberg SV, Hafke JB, Fliegmann J, Mithöfer A, Ehlers K, Haufschild T, Nötzold J, Koch AM, Grabe V, Teutemacher F, Maaß JP, Prüfer D, Oelmüller R, Peiter E, Kogel KH, van Bel AJE.;Sci Adv;9;11;2025;2375-2548;eads6417;"research-article; journal article";Y;Y;Y;Y;N;Y;1;Y;Y;N;Y;N;2025-02-27;2025-02-26;NA
40342189;MED;40342189;PMC12060844;10.1002/ecy.70100;Surfing the tidal wave: Use of transiently aquatic habitat by juvenile Pacific salmon and other fishes in estuaries.;Scurfield DJ, Gross PL, Gan JCL, Moore JW.;Ecology;5;106;2025;"1939-9170; 0012-9658; ";e70100;"research-article; journal article";Y;Y;Y;Y;N;Y;0;Y;Y;N;Y;Y;2025-05-10;2025-05-01;NA
39822148;MED;39822148;PMC11740167;10.1002/eap.3086;From subsidies to stressors: Positively skewed ecological gradients alter biological responses to nutrients in streams.;DeVilbiss SE, Taylor JM, Hicks MB.;Ecol Appl;1;35;2025;1051-0761;e3086;"research-article; journal article";Y;Y;Y;Y;N;Y;1;Y;Y;N;Y;Y;2025-01-18;2025-01-01;NA
40596608;MED;40596608;PMC12214681;10.1038/s41598-025-08184-y;Putrescine treatment has a higher effect on 5mC DNA methylation profile of wheat leaves under white than under blue light conditions.;Majláth I, Benczúr K, Rahman A, Janda T, Likó I, Kádas J, Pál M.;Sci Rep;1;15;2025;2045-2322;22734;"research-article; journal article";Y;Y;Y;Y;N;Y;0;Y;Y;N;N;N;2025-07-03;2025-07-02;NA
41229701;MED;41229701;PMC12602269;10.1002/ece3.72440;No Sex-Differences in Learning Trap-Gap Problems in Zebra Finches.;Lambert CT, Whittaker BA, Neil B, Poole C, Camacho-Alpízar A, Self JL, Blunk SC, Guillette LM.;Ecol Evol;11;15;2025;2045-7758;e72440;"research-article; journal article";Y;Y;Y;Y;N;Y;0;Y;Y;N;Y;Y;2025-11-14;2025-11-10;NA
40083732;MED;40083732;PMC11904114;10.1002/ece3.71048;When Rivals Are Absent: Male Aggression Towards Females in Bluefin Killifish.;Karatgi R, Fuller RC.;Ecol Evol;3;15;2025;2045-7758;e71048;"research-article; journal article";Y;Y;Y;Y;N;N;0;Y;Y;N;Y;N;2025-03-16;2025-03-13;NA
41234814;MED;41234814;PMC12611350;10.1002/ece3.72467;Forest Cover and Geographic Distance Shape Ant Assemblages in the Southwestern Brazilian Amazon.;Silva da Costa MM, Schmidt FA, Wilker I, Lasmar CJ, Ribas CR.;Ecol Evol;11;15;2025;2045-7758;e72467;"research-article; journal article";Y;Y;Y;Y;N;Y;0;Y;Y;N;N;Y;2025-11-14;2025-11-12;NA
39803200;MED;39803200;PMC11725385;10.1002/ece3.70839;Symbiont Community Changes Confer Fitness Benefits for Larvae in a Vertically Transmitting Coral.;Olivares-Cordero D, Timmons C, Kenkel CD, Quigley KM.;Ecol Evol;1;15;2025;2045-7758;e70839;"research-article; journal article";Y;Y;Y;Y;N;Y;1;Y;Y;N;Y;N;2025-01-14;2025-01-12;NA
41134770;MED;41134770;PMC12551882;10.1371/journal.pone.0335138;Microbial drinking water quality deterioration during distribution and household usage, determined together with citizen scientists.;van der Wielen PWJJ, Brouwer S, Dignum M, Schriks M.;PLoS One;10;20;2025;1932-6203;e0335138;"research-article; journal article";Y;Y;Y;Y;N;Y;0;Y;Y;N;Y;N;2025-10-24;2025-10-24;NA
40083728;MED;40083728;PMC11904101;10.1002/ece3.70754;"Strength of Enemy Release From Parasitoids Is Context Dependent in the Invasive African Fig Fly, &lt;i&gt;Zaprionus indianus&lt;/i&gt;.";Walsh-Antzak CR, Erickson PA.;Ecol Evol;3;15;2025;2045-7758;e70754;"research-article; journal article";Y;Y;Y;Y;N;N;3;Y;Y;N;N;N;2025-03-16;2025-03-13;NA
40584003;MED;40584003;PMC12203089;10.1093/beheco/araf061;Too hot to reason? Experimental heatwaves affect cognitive traits in male guppies.;Breedveld MC, Dudine L, Padovan S, Giacomazzo M, Verin R, Gasparini C.;Behav Ecol;4;36;2025;"1045-2249; 1465-7279; ";araf061;"research-article; journal article";Y;Y;Y;Y;N;Y;1;Y;Y;N;Y;N;2025-07-01;2025-05-30;NA
40344636;MED;40344636;PMC12062781;10.1111/gcb.70241;Climate-Driven Body Size Changes in Birds and Mammals Reveal Environmental Tolerance Limits.;Watson MJ, Kerr JT.;Glob Chang Biol;5;31;2025;"1354-1013; 1365-2486; ";e70241;"research-article; journal article";Y;Y;Y;Y;N;Y;0;Y;Y;N;Y;Y;2025-05-10;2025-05-01;NA
40642328;MED;40642328;PMC12244129;10.7717/peerj.19650;Inter-colony and inter-annual behavioural plasticity in the foraging strategies of a fjord-dwelling penguin-good news in the face of environmental change?;Otis M, Mattern T, Ellenberg U, Long R, Borboroglu PG, Seddon PJ, van Heezik Y.;PeerJ;NA;13;2025;2167-8359;e19650;"research-article; journal article";Y;Y;Y;Y;N;Y;1;Y;Y;N;Y;Y;2025-07-12;2025-07-07;NA
40858616;MED;40858616;PMC12381023;10.1038/s41598-025-03104-6;Proximity to forests, fire and plantation characteristics influence understory plant species richness more than phylogenetic diversity in African mahogany plantations.;Houehanou B, Gaoue OG.;Sci Rep;1;15;2025;2045-2322;31422;"research-article; journal article";Y;Y;Y;Y;N;N;0;Y;Y;N;Y;Y;2025-08-27;2025-08-26;NA
40988003;MED;40988003;PMC12457247;10.1002/ecy.70216;Demography of lemmings in response to changing snow conditions in the High Arctic.;Poirier M, Gauthier G, Dominé F, Fauteux D.;Ecology;9;106;2025;"1939-9170; 0012-9658; ";e70216;"research-article; journal article";Y;Y;Y;Y;N;Y;1;Y;Y;N;Y;N;2025-09-25;2025-09-01;NA
41358398;MED;41358398;PMC12683622;10.1002/ecy.70271;Salinity controls rocky intertidal community structure via suppression of herbivory.;Coyle T, Emry S, Kordas RL, Harley CDG.;Ecology;12;106;2025;"1939-9170; 0012-9658; ";e70271;"research-article; journal article";Y;Y;Y;Y;N;Y;0;Y;Y;N;N;Y;2025-12-08;2025-12-01;NA
41132809;MED;41132809;PMC12541670;10.1002/ece3.72381;Trematode Infection Prevalence Increases With Snail Richness: Observations From a 4-Year Study of Snail-Trematode Interactions.;McPhail BA, Frost CM, Otto SJG, Hanington PC.;Ecol Evol;10;15;2025;2045-7758;e72381;"research-article; journal article";Y;Y;Y;Y;N;Y;0;Y;Y;N;N;Y;2025-10-24;2025-10-22;NA
41173999;MED;41173999;PMC12579252;10.1038/s41598-025-22086-z;Deforestation effects and house invasion by chagas disease vectors in Brazil.;Ribeiro-Jr G, Verde MRV, Argibay HD, Cardoso CW, Simões F, de Lima Costa EC, de Carvalho CMM, Reis RB, Castro MC, Gurgel-Gonçalves R, Reis MG.;Sci Rep;1;15;2025;2045-2322;38218;"research-article; journal article";Y;Y;Y;Y;N;Y;0;Y;Y;N;Y;N;2025-11-01;2025-10-31;NA
40967248;MED;40967248;PMC12445935;10.1002/ecy.70212;Persistent kelp forests during a massive decline reveal the importance of land-sea connectivity.;Ricart AM, Gómez JB, Karm RH, Largier JL, Bastos Correa De Souza V, Dias AS, Velázquez MG, Nelson T, Cavanaugh KC, Cavanaugh KC, Hughes BB.;Ecology;9;106;2025;"1939-9170; 0012-9658; ";e70212;"research-article; journal article";Y;Y;Y;Y;N;Y;1;Y;Y;N;Y;Y;2025-09-19;2025-09-01;NA
39854398;MED;39854398;PMC11759357;10.1371/journal.pone.0315904;Multiparameter analysis of small non-flying mammals' response to forest restoration post-bauxite mining in eastern Amazonia.;Celeste H, Almeida-Maués PCR, Bezerra AMR, Lopes MA, Martins MB, Mendes-Oliveira AC.;PLoS One;1;20;2025;1932-6203;e0315904;"research-article; journal article";Y;Y;Y;Y;N;Y;0;Y;Y;N;Y;N;2025-01-25;2025-01-24;NA
40354397;MED;40354397;PMC12068658;10.1371/journal.pone.0323577;Plants partition the pollinator niche by depositing pollen on different parts of the pollinator body.;Arteaga-Chávez WA, Graham CH, Guevara EA, Tinoco BA.;PLoS One;5;20;2025;1932-6203;e0323577;"research-article; journal article";Y;Y;Y;Y;N;Y;1;Y;Y;N;Y;N;2025-05-20;2025-05-12;NA
39888991;MED;39888991;PMC11784858;10.1126/sciadv.adq3589;DNA methylation-based age prediction and sex-specific epigenetic aging in a lizard with female-biased longevity.;Shealy EP, Schwartz TS, Cox RM, Reedy AM, Parrott BB.;Sci Adv;5;11;2025;2375-2548;eadq3589;"research-article; journal article";Y;Y;Y;Y;N;Y;1;Y;Y;N;Y;N;2025-02-01;2025-01-31;NA
41059358;MED;41059358;PMC12498011;10.1002/ece3.72244;"Larval Adaptation to Salinity Shock in Cane Toads (&lt;i&gt;Rhinella marina&lt;/i&gt;) From Coastal French Guiana.";Ducatez S, Shine R, DeVore JL.;Ecol Evol;10;15;2025;2045-7758;e72244;"research-article; journal article";Y;Y;Y;Y;N;Y;0;Y;Y;N;N;N;2025-10-08;2025-10-06;NA
40225886;MED;40225886;PMC11992362;10.1002/ece3.71274;Quantifying the Dietary Overlap of Two Co-Occurring Mammal Species Using DNA Metabarcoding to Assess Potential Competition.;Kanishka AM, MacGregor C, Neaves LE, Evans MJ, Robinson NM, Dexter N, Dickman CR, Lindenmayer DB.;Ecol Evol;4;15;2025;2045-7758;e71274;"research-article; journal article";Y;Y;Y;Y;N;Y;0;Y;Y;N;Y;N;2025-04-14;2025-04-11;NA
40621657;MED;40621657;PMC12230893;10.1111/gcb.70311;Socio-Economic Status and Non-Native Species Drive Bird Ecosystem Service Provision in Urban Areas.;Marcolin F, Mammola S, Alba R, Segurado P, Reino L, Chamberlain D.;Glob Chang Biol;7;31;2025;"1354-1013; 1365-2486; ";e70311;"research-article; journal article";Y;Y;Y;Y;N;Y;2;Y;Y;N;Y;N;2025-07-09;2025-07-01;NA
40900727;MED;40900727;PMC12401564;10.1002/ece3.72095;Impacts of Single and Multiple Co-Existing Invasive Species on Subtropical Native Ant Communities.;Hu J, Bogar TA, Hamer MT, Guénard B.;Ecol Evol;9;15;2025;2045-7758;e72095;"research-article; journal article";Y;Y;Y;Y;N;Y;0;Y;Y;N;N;N;2025-09-04;2025-09-01;NA
40569987;MED;40569987;PMC12200694;10.1371/journal.pone.0311072;Thorax temperature and niche characteristics as predictors of abundance of Amazonian Odonata.;Calvão LB, Faria APJ, de Paiva CKS, Oliveira-Junior JMB, Muzón J, Córdoba-Aguillar A, Juen L.;PLoS One;6;20;2025;1932-6203;e0311072;"research-article; journal article";Y;Y;Y;Y;N;Y;0;Y;Y;N;N;N;2025-06-27;2025-06-26;NA
41093920;MED;41093920;PMC12528405;10.1038/s41598-025-19855-1;Season-dependent synergism between the male-attractive plant volatile benzaldehyde and the sex pheromone of the Oriental fruit moth, Grapholita molesta.;Giri AP, Short BD, Piñero JC.;Sci Rep;1;15;2025;2045-2322;35987;"research-article; journal article";Y;Y;Y;Y;N;Y;0;Y;Y;N;N;N;2025-10-16;2025-10-15;NA
40370348;MED;40370348;PMC12074898;10.1002/ece3.71350;Climate Change-Driven Heatwaves Pose Lethal Risks to Newborn Forest Bats.;Russo D, Mäenurm A, Cistrone L, Martinoli A, Foiani G, Giongo V, Leopardi S.;Ecol Evol;5;15;2025;2045-7758;e71350;"research-article; journal article";Y;Y;Y;Y;N;Y;1;Y;Y;N;Y;N;2025-05-21;2025-05-13;NA
