model,sampleSize,intercept,phi,mean.stat,mcse
Poisson,10,-1.5,1,0.7294140019389858,0.01428335066370658
Poisson,10,-1.5,1.1,0.7632736540940338,0.018378868283313032
Poisson,10,-1.5,1.2,0.8175372127292301,0.01915077755567805
Poisson,10,-1.5,1.35,0.8615157735789799,0.02202697278123436
Poisson,10,-1.5,1.5,0.8331657830715263,0.02247521533168292
Poisson,10,-1.5,1.75,0.9362233234420874,0.027714352552863447
Poisson,10,-1.5,2,0.9839799695104542,0.032313103806393184
Poisson,10,-1.5,2.5,1.053736444957938,0.03820354542467967
Poisson,10,-1.5,3,1.101316445792333,0.044481992562878415
Poisson,10,-1.5,4,1.1574746228736048,0.05421720006475617
Poisson,10,-1.5,5,1.083941820839913,0.057985972241373855
Poisson,10,0,1,0.9955691848197826,0.014696027717298788
Poisson,10,0,1.1,1.078075253990077,0.015425857570181657
Poisson,10,0,1.2,1.1449211228079046,0.017315551021090406
Poisson,10,0,1.35,1.246427590865988,0.01906519732177833
Poisson,10,0,1.5,1.351310465872158,0.020633742538927906
Poisson,10,0,1.75,1.5642561271913131,0.027367877490921875
Poisson,10,0,2,1.6565061672871753,0.028733177051183188
Poisson,10,0,2.5,2.0037473183317838,0.04134788775950467
Poisson,10,0,3,2.2235113404657816,0.047779160657796804
Poisson,10,0,4,2.688606945742968,0.09911625893169809
Poisson,10,0,5,3.161834601606884,0.09345894841616491
Poisson,10,1.5,1,1.0046310592971368,0.014758007294980733
Poisson,10,1.5,1.1,1.0818951728808024,0.016528163508931357
Poisson,10,1.5,1.2,1.2028526637848749,0.01859285316118805
Poisson,10,1.5,1.35,1.3372578366386543,0.020556198601739312
Poisson,10,1.5,1.5,1.4703855527569039,0.023909112615092366
Poisson,10,1.5,1.75,1.7176726292943505,0.02734335408787303
Poisson,10,1.5,2,1.9541538830899194,0.031377631128645465
Poisson,10,1.5,2.5,2.3267233042769733,0.039348280279179984
Poisson,10,1.5,3,2.749087187784622,0.0474897144701121
Poisson,10,1.5,4,3.5573083925188995,0.06364911859268846
Poisson,10,1.5,5,4.398116745697098,0.08382134443936308
Poisson,10,3,1,1.0110940905261323,0.015825004193334716
Poisson,10,3,1.1,1.0963233427473713,0.016704514736835565
Poisson,10,3,1.2,1.1873179163180583,0.018019131402642916
Poisson,10,3,1.35,1.3835112077619265,0.022560352770867393
Poisson,10,3,1.5,1.4653864165777575,0.023319130495039267
Poisson,10,3,1.75,1.6800310369207236,0.026161309253612694
Poisson,10,3,2,2.0100924815464,0.03100998835887584
Poisson,10,3,2.5,2.432280640992227,0.03910088229455392
Poisson,10,3,3,2.8165372801773993,0.0445763111504864
Poisson,10,3,4,3.7927370414396795,0.06280184953078062
Poisson,10,3,5,4.830226788195249,0.0826091965906448
Poisson,100,-1.5,1,1.0019136731655731,0.004757264847917124
Poisson,100,-1.5,1.1,1.0789966688821038,0.0056981052968167085
Poisson,100,-1.5,1.2,1.1855331839856669,0.007700330447181341
Poisson,100,-1.5,1.35,1.305170807015013,0.009747505347750422
Poisson,100,-1.5,1.5,1.4236607037671034,0.010811741627957453
Poisson,100,-1.5,1.75,1.6438903711294603,0.014987486465698984
Poisson,100,-1.5,2,1.8602426540593069,0.018985547302873322
Poisson,100,-1.5,2.5,2.228119127341167,0.02808276845003514
Poisson,100,-1.5,3,2.628852619070876,0.03643649978844448
Poisson,100,-1.5,4,3.212991440285445,0.051957548047537785
Poisson,100,-1.5,5,3.765606904458654,0.07126396199753172
Poisson,100,0,1,1.0081652692510124,0.004468220001302888
Poisson,100,0,1.1,1.09382976537608,0.005211987903826161
Poisson,100,0,1.2,1.2010684934674074,0.006157364980043739
Poisson,100,0,1.35,1.3425360850751527,0.007107630195719911
Poisson,100,0,1.5,1.4823916346921022,0.008224745431117765
Poisson,100,0,1.75,1.7226033573014452,0.010835056871429969
Poisson,100,0,2,1.9567495015765115,0.013346713987487997
Poisson,100,0,2.5,2.435041882675525,0.019155322386137513
Poisson,100,0,3,2.8858730011500358,0.026199305996295642
Poisson,100,0,4,3.7445776378401705,0.03447115996738073
Poisson,100,0,5,4.625070287401908,0.050038321656096264
Poisson,100,1.5,1,0.9957017530706331,0.004610363435127294
Poisson,100,1.5,1.1,1.0969455996857176,0.005031052034382667
Poisson,100,1.5,1.2,1.2011004412818749,0.005539176024595642
Poisson,100,1.5,1.35,1.3490080893192187,0.006492561837445459
Poisson,100,1.5,1.5,1.5014090031019685,0.0070559013277771195
Poisson,100,1.5,1.75,1.7467176160956364,0.008653582679051872
Poisson,100,1.5,2,1.982782192192757,0.009890970435869974
Poisson,100,1.5,2.5,2.487823781635989,0.014432933387295425
Poisson,100,1.5,3,2.9505917670779516,0.017029269079364466
Poisson,100,1.5,4,3.9488415310013965,0.024452450166271546
Poisson,100,1.5,5,4.909745088242341,0.033219169964851296
Poisson,100,3,1,0.9953337146440289,0.004414510127266761
Poisson,100,3,1.1,1.0936968150744888,0.005022156391931599
Poisson,100,3,1.2,1.1987684809656534,0.0055221093262958895
Poisson,100,3,1.35,1.3350123984337288,0.0060400911732561395
Poisson,100,3,1.5,1.4824132236161873,0.006879544591842171
Poisson,100,3,1.75,1.7431596491137968,0.008037455306672636
Poisson,100,3,2,1.9896943596043963,0.00918959667980087
Poisson,100,3,2.5,2.465173348980985,0.011685899265285949
Poisson,100,3,3,3.012410163357967,0.014309539028838409
Poisson,100,3,4,4.025509979609711,0.019614041378386505
Poisson,100,3,5,4.947352741942577,0.025589957482149633
Poisson,1000,-1.5,1,0.9989457480556289,0.0014297694561997386
Poisson,1000,-1.5,1.1,1.0965525258841697,0.0020361882935553996
Poisson,1000,-1.5,1.2,1.194950155869277,0.002529402118628712
Poisson,1000,-1.5,1.35,1.3461514166670203,0.003414633742489016
Poisson,1000,-1.5,1.5,1.4972438795267395,0.00430688601005033
Poisson,1000,-1.5,1.75,1.7373756557039304,0.005961800049857788
Poisson,1000,-1.5,2,1.9793154087855143,0.007511224260539682
Poisson,1000,-1.5,2.5,2.452734213483252,0.011143936340370728
Poisson,1000,-1.5,3,2.931795560311204,0.015269587228454666
Poisson,1000,-1.5,4,3.9075109015493696,0.025247496937086864
Poisson,1000,-1.5,5,4.797290937940369,0.0348358817116949
Poisson,1000,0,1,1.0005870092904692,0.0014224228918954273
Poisson,1000,0,1.1,1.1004190511403347,0.0016206461947755539
Poisson,1000,0,1.2,1.1960925678246348,0.0018897736992584669
Poisson,1000,0,1.35,1.3468664793509972,0.0023593997399707183
Poisson,1000,0,1.5,1.5000199116768005,0.0026926629078022
Poisson,1000,0,1.75,1.750923151849769,0.003582591551265878
Poisson,1000,0,2,1.9953168775971182,0.004474648152616002
Poisson,1000,0,2.5,2.490822403578677,0.006584584253323902
Poisson,1000,0,3,2.9946125727270028,0.008734172640702167
Poisson,1000,0,4,3.965320397397957,0.013712691554331427
Poisson,1000,0,5,4.948702910675962,0.018299176985652518
Poisson,1000,1.5,1,1.0011342919501771,0.0014190096787603578
Poisson,1000,1.5,1.1,1.1013321758141346,0.0015280920862293097
Poisson,1000,1.5,1.2,1.1986270484239652,0.001762988495586559
Poisson,1000,1.5,1.35,1.3481630941665372,0.0019878130260208063
Poisson,1000,1.5,1.5,1.4981523123553477,0.002239842291899167
Poisson,1000,1.5,1.75,1.7433395022056084,0.00286068071256989
Poisson,1000,1.5,2,2.003692260891283,0.003370118468754451
Poisson,1000,1.5,2.5,2.4910010466659767,0.004432349258543554
Poisson,1000,1.5,3,2.9906505362535096,0.005579847170119457
Poisson,1000,1.5,4,3.9990553809536213,0.00808368980925385
Poisson,1000,1.5,5,4.968884068579645,0.010897858029542329
Poisson,1000,3,1,0.9987192699384834,0.0014480275068903203
Poisson,1000,3,1.1,1.1024473827652357,0.0015145659420689615
Poisson,1000,3,1.2,1.1991599547762717,0.0017274868101882948
Poisson,1000,3,1.35,1.351132024324224,0.0019691922530738408
Poisson,1000,3,1.5,1.499004802580288,0.0022248244271922085
Poisson,1000,3,1.75,1.7526019135157314,0.0026203669005632193
Poisson,1000,3,2,2.0038629767516514,0.0029503102796621483
Poisson,1000,3,2.5,2.4993382641725423,0.003757197975159444
Poisson,1000,3,3,3.001063161650257,0.004503723699246202
Poisson,1000,3,4,3.9889379380285805,0.006390584131948926
Poisson,1000,3,5,4.991862097114442,0.007956258551189943
Poisson,200,-1.5,1,0.9904951439477243,0.0031348519565072355
Poisson,200,-1.5,1.1,1.0895921943960996,0.004304994954661126
Poisson,200,-1.5,1.2,1.1822600510796937,0.005277931779229489
Poisson,200,-1.5,1.35,1.3202274060100774,0.0068780511703387635
Poisson,200,-1.5,1.5,1.4616196391487581,0.008615508166436121
Poisson,200,-1.5,1.75,1.6975807201422672,0.011962747933711992
Poisson,200,-1.5,2,1.9007365673341003,0.0154574540696842
Poisson,200,-1.5,2.5,2.3138401133488746,0.02090255436076172
Poisson,200,-1.5,3,2.75986285842117,0.027752011899566248
Poisson,200,-1.5,4,3.516363563239252,0.04218848792238415
Poisson,200,-1.5,5,4.276094585401949,0.05761743284933627
Poisson,200,0,1,1.0026128484400096,0.0031833698017132714
Poisson,200,0,1.1,1.0945787095823334,0.003639639529167639
Poisson,200,0,1.2,1.196340494144296,0.00429187730291405
Poisson,200,0,1.35,1.3410609632649138,0.00502893566137751
Poisson,200,0,1.5,1.4906554875652351,0.006291028881759418
Poisson,200,0,1.75,1.726433343051547,0.00813102276395016
Poisson,200,0,2,1.971240829189461,0.009672173956355442
Poisson,200,0,2.5,2.483909545293452,0.014100936571144413
Poisson,200,0,3,2.954244933395914,0.0185013872976643
Poisson,200,0,4,3.8561523171844345,0.028425474866854164
Poisson,200,0,5,4.779012825926393,0.037796882916632954
Poisson,200,1.5,1,1.0045180600758974,0.00318247254514492
Poisson,200,1.5,1.1,1.0923340711688658,0.0035365511292096484
Poisson,200,1.5,1.2,1.2016750976346873,0.003964091510181642
Poisson,200,1.5,1.35,1.3433226956336364,0.0044687156304292165
Poisson,200,1.5,1.5,1.4861359216088779,0.005201913222212201
Poisson,200,1.5,1.75,1.7349560231875159,0.006025192641061009
Poisson,200,1.5,2,1.999912442573622,0.006946424437868417
Poisson,200,1.5,2.5,2.494688748171914,0.009865209636802978
Poisson,200,1.5,3,2.978477082162517,0.011880917111279914
Poisson,200,1.5,4,3.9772973809143344,0.018746607194899068
Poisson,200,1.5,5,4.976068700974632,0.024764973634175347
Poisson,200,3,1,0.995233196415464,0.0031453679745051043
Poisson,200,3,1.1,1.1000021959332629,0.0035413173161317883
Poisson,200,3,1.2,1.1955100798711351,0.0037124251828241166
Poisson,200,3,1.35,1.3508942294306168,0.004265278420732048
Poisson,200,3,1.5,1.5031586223936333,0.005057542912532
Poisson,200,3,1.75,1.7430882686946327,0.005548026179136053
Poisson,200,3,2,1.995762613806409,0.0066330222548694065
Poisson,200,3,2.5,2.4987012822166275,0.008245994105506124
Poisson,200,3,3,2.9931755710628223,0.010374698352225844
Poisson,200,3,4,3.9713524324464027,0.01451617312202441
Poisson,200,3,5,4.99410980871116,0.017883662085315343
Poisson,50,-1.5,1,0.9888134314609921,0.006912905700898285
Poisson,50,-1.5,1.1,1.0753251487360818,0.008326411290359971
Poisson,50,-1.5,1.2,1.160733145070127,0.009731843226987466
Poisson,50,-1.5,1.35,1.2725333351121564,0.012335828911931239
Poisson,50,-1.5,1.5,1.3608270318646705,0.014470867147400044
Poisson,50,-1.5,1.75,1.5184916309470462,0.019022875332117196
Poisson,50,-1.5,2,1.6815569568692912,0.022793734648482687
Poisson,50,-1.5,2.5,1.9715551923405124,0.030913302466862413
Poisson,50,-1.5,3,2.2371078328749836,0.039079636434465416
Poisson,50,-1.5,4,2.6802614728968104,0.05820247053649224
Poisson,50,-1.5,5,3.334892859939747,0.08106123712887799
Poisson,50,0,1,1.0002431568554162,0.0062554522853822585
Poisson,50,0,1.1,1.0812364145991191,0.0071085026523463775
Poisson,50,0,1.2,1.196105422435985,0.008555195905724795
Poisson,50,0,1.35,1.3123558202861252,0.0094921759908356
Poisson,50,0,1.5,1.4566202538735762,0.011785949950371587
Poisson,50,0,1.75,1.70103621676186,0.014582049767361214
Poisson,50,0,2,1.9362158510783078,0.020116697350647195
Poisson,50,0,2.5,2.3402969500099458,0.024335185068955476
Poisson,50,0,3,2.75781507555297,0.030728843935725125
Poisson,50,0,4,3.5656718461594203,0.04598665481950826
Poisson,50,0,5,4.375745195948593,0.062316345717811944
Poisson,50,1.5,1,0.9903408051168849,0.00637182163858574
Poisson,50,1.5,1.1,1.093338593059084,0.0072621737076151585
Poisson,50,1.5,1.2,1.1952390031646596,0.007805977358253035
Poisson,50,1.5,1.35,1.344428426840924,0.008805952963302225
Poisson,50,1.5,1.5,1.483321979041636,0.010290325420158135
Poisson,50,1.5,1.75,1.7458233928796423,0.012541174025719267
Poisson,50,1.5,2,1.9686663493448744,0.014147666185666269
Poisson,50,1.5,2.5,2.485889663048377,0.01944406514550707
Poisson,50,1.5,3,2.934757559751122,0.023746542017817552
Poisson,50,1.5,4,3.917463452734631,0.03472575998359221
Poisson,50,1.5,5,4.732685590781578,0.041846252630093665
Poisson,50,3,1,1.0055558639200526,0.006491034493172784
Poisson,50,3,1.1,1.0983216629478014,0.0071787452304279825
Poisson,50,3,1.2,1.199549053495183,0.007474627272217634
Poisson,50,3,1.35,1.344228461287596,0.00866682425228568
Poisson,50,3,1.5,1.510509934673019,0.009923577081964995
Poisson,50,3,1.75,1.7431196752398812,0.011534010273846651
Poisson,50,3,2,2.0118653858937234,0.012898738664899378
Poisson,50,3,2.5,2.4700141264161184,0.015846794806820406
Poisson,50,3,3,2.989169518113058,0.020378754292559843
Poisson,50,3,4,3.951167423407009,0.027739713568754015
Poisson,50,3,5,4.9812295585842765,0.03679830838486359
Poisson,500,-1.5,1,0.9999347938771184,0.002022488713029283
Poisson,500,-1.5,1.1,1.101780127417582,0.0027556676760552784
Poisson,500,-1.5,1.2,1.1877515957762903,0.0035136459322118313
Poisson,500,-1.5,1.35,1.3386325902806584,0.004688059490378405
Poisson,500,-1.5,1.5,1.4905783892907003,0.005725818879811643
Poisson,500,-1.5,1.75,1.716928925963564,0.008152031804239212
Poisson,500,-1.5,2,1.982387112746431,0.010153070804892852
Poisson,500,-1.5,2.5,2.4484457251527045,0.01528509243869524
Poisson,500,-1.5,3,2.907910660189345,0.020139566964243124
Poisson,500,-1.5,4,3.7743026267532356,0.03234741075311246
Poisson,500,-1.5,5,4.705823617666086,0.04735522108952311
Poisson,500,0,1,1.0012344906007615,0.00202866550962546
Poisson,500,0,1.1,1.0973465161428122,0.00237295886801558
Poisson,500,0,1.2,1.2004894292620139,0.002724498376425863
Poisson,500,0,1.35,1.345887765676617,0.0032356418424733476
Poisson,500,0,1.5,1.4988450436901442,0.003872702652293333
Poisson,500,0,1.75,1.742023449587292,0.004939075080740747
Poisson,500,0,2,1.989129982036005,0.00646474656288659
Poisson,500,0,2.5,2.471614621319843,0.00861493930379118
Poisson,500,0,3,2.9790926700902105,0.011824116248025266
Poisson,500,0,4,3.9492893960275897,0.01828663957829477
Poisson,500,0,5,4.92144450021067,0.027686585304916557
Poisson,500,1.5,1,0.9984243533588322,0.001963251289402143
Poisson,500,1.5,1.1,1.104968165882432,0.002264764973839638
Poisson,500,1.5,1.2,1.1979468043596608,0.0024624341292484218
Poisson,500,1.5,1.35,1.3496435433884333,0.0028184061060140394
Poisson,500,1.5,1.5,1.5008396149867942,0.0032118447136980257
Poisson,500,1.5,1.75,1.748853331450814,0.003796536892337399
Poisson,500,1.5,2,1.988926435304803,0.004696308973664774
Poisson,500,1.5,2.5,2.4963679525852682,0.005928664601566672
Poisson,500,1.5,3,2.984099681174739,0.007738949356955642
Poisson,500,1.5,4,3.980964017733666,0.011295579522451618
Poisson,500,1.5,5,4.968112274833308,0.01466807429737572
Poisson,500,3,1,1.0015295387330037,0.0019391119210669077
Poisson,500,3,1.1,1.098678079962594,0.0022573030990371747
Poisson,500,3,1.2,1.2014312266327878,0.00239681798441028
Poisson,500,3,1.35,1.3488440846554004,0.0026461254920899396
Poisson,500,3,1.5,1.4999501126357553,0.0030746410966608112
Poisson,500,3,1.75,1.75200148575288,0.003629753110825674
Poisson,500,3,2,1.9959933225179405,0.004126916987567775
Poisson,500,3,2.5,2.495247106565066,0.0049892564757095656
Poisson,500,3,3,2.9930460648897066,0.00659146862479455
Poisson,500,3,4,3.9893603786151224,0.008787878311752121
Poisson,500,3,5,4.989288416143165,0.011492272645031804
Binomial,10,-1.5,1,1.0045779785307158,0.014765104322666794
Binomial,10,-1.5,1.1,1.1112236847929409,0.016198820048271726
Binomial,10,-1.5,1.2,1.2104234398978901,0.017795098619964228
Binomial,10,-1.5,1.35,1.3523132608338808,0.019705629088152515
Binomial,10,-1.5,1.5,1.4630636866020348,0.021791816355510626
Binomial,10,-1.5,1.75,1.7156359954532392,0.026021883091761438
Binomial,10,-1.5,2,2.0130567848366683,0.045882259858815874
Binomial,10,-1.5,2.5,2.4124363874576407,0.035122914067153704
Binomial,10,-1.5,3,2.9095543065988667,0.044174368900011314
Binomial,10,-1.5,4,3.689514992448595,0.05501925652617219
Binomial,10,-1.5,5,4.726596673543505,0.0834673144965301
Binomial,10,0,1,0.9875344856802233,0.015278093284092825
Binomial,10,0,1.1,1.0954036569536079,0.0165118913743019
Binomial,10,0,1.2,1.202449390237983,0.017664590726587544
Binomial,10,0,1.35,1.379330552917021,0.020488248457101593
Binomial,10,0,1.5,1.5456951508616652,0.02225856784538674
Binomial,10,0,1.75,1.7758017885676418,0.025327093140170155
Binomial,10,0,2,2.1164577287533053,0.02796079725409506
Binomial,10,0,2.5,2.648390019424659,0.03473775595799851
Binomial,10,0,3,3.123176923663717,0.038490372836606314
Binomial,10,0,4,4.228352277359949,0.04529396976281911
Binomial,10,0,5,5.394243813527513,0.0671659744311278
Binomial,10,1.5,1,1.0251241780825593,0.014946212522292583
Binomial,10,1.5,1.1,1.0851923268192343,0.015847351943969194
Binomial,10,1.5,1.2,1.1712656517321494,0.01758320286850006
Binomial,10,1.5,1.35,1.3648210427277652,0.020166742218401847
Binomial,10,1.5,1.5,1.4750486518059542,0.021490128455782128
Binomial,10,1.5,1.75,1.7457757148604358,0.025792016341939877
Binomial,10,1.5,2,1.9700959383708265,0.030485498255160722
Binomial,10,1.5,2.5,2.463222810427764,0.03570414041574167
Binomial,10,1.5,3,2.8891857508506855,0.042206222613801664
Binomial,10,1.5,4,3.7258490919770684,0.055341020797948004
Binomial,10,1.5,5,4.670688827793125,0.06715344655921744
Binomial,100,-1.5,1,1.002713891869839,0.004259309803698265
Binomial,100,-1.5,1.1,1.1054914503135154,0.004709547172031624
Binomial,100,-1.5,1.2,1.1929376148047126,0.0052000397147666105
Binomial,100,-1.5,1.35,1.3518087638198593,0.005996439280356288
Binomial,100,-1.5,1.5,1.4913025411042795,0.0067711784391266926
Binomial,100,-1.5,1.75,1.7503396102492306,0.007855484404260305
Binomial,100,-1.5,2,1.9880159707001173,0.008696496501918352
Binomial,100,-1.5,2.5,2.4974709755512334,0.011005350476630354
Binomial,100,-1.5,3,2.999521305101874,0.012836806791091584
Binomial,100,-1.5,4,4.005311461109663,0.015988157135185446
Binomial,100,-1.5,5,4.9892726691692255,0.018235069803975188
Binomial,100,0,1,1.002438375683739,0.004084395641381331
Binomial,100,0,1.1,1.1015867045728458,0.004615662325709581
Binomial,100,0,1.2,1.2026941822759123,0.004974715598752083
Binomial,100,0,1.35,1.3521991605068249,0.005661165500604028
Binomial,100,0,1.5,1.5038220634417363,0.006025390290828961
Binomial,100,0,1.75,1.7507163579433906,0.007111852977916257
Binomial,100,0,2,2.005340770014091,0.007815136872960956
Binomial,100,0,2.5,2.509020362414704,0.009257477136581814
Binomial,100,0,3,3.0291824550371333,0.01039982719155223
Binomial,100,0,4,4.021032996340449,0.012035491157666946
Binomial,100,0,5,5.009385024706985,0.0129141803470039
Binomial,100,1.5,1,1.0016958668154203,0.004265281479673682
Binomial,100,1.5,1.1,1.1052255627068857,0.0047055339787508334
Binomial,100,1.5,1.2,1.2008011791993574,0.005386085061732532
Binomial,100,1.5,1.35,1.3435975981911605,0.00583551033996007
Binomial,100,1.5,1.5,1.511585335172034,0.0063985833119091905
Binomial,100,1.5,1.75,1.7435501636152013,0.007761223988550575
Binomial,100,1.5,2,1.9959875125376905,0.008632144185629785
Binomial,100,1.5,2.5,2.5029691136198924,0.01098388687829537
Binomial,100,1.5,3,2.9882520276775573,0.012633638998845806
Binomial,100,1.5,4,3.977513445993459,0.01654838797813823
Binomial,100,1.5,5,4.974892041945099,0.01781159325895188
Binomial,1000,-1.5,1,1.000785512197541,0.0013358169695781707
Binomial,1000,-1.5,1.1,1.098511821807701,0.0015003103670576793
Binomial,1000,-1.5,1.2,1.1995665231135049,0.001660170469903466
Binomial,1000,-1.5,1.35,1.3478538064569168,0.0018930975735544978
Binomial,1000,-1.5,1.5,1.497300814963402,0.002113322270984888
Binomial,1000,-1.5,1.75,1.7482369792634385,0.002453107393228742
Binomial,1000,-1.5,2,1.998411750124048,0.002829880780969147
Binomial,1000,-1.5,2.5,2.50729563084036,0.0033768405557966703
Binomial,1000,-1.5,3,2.999680989041137,0.003992492776387348
Binomial,1000,-1.5,4,4.003258345870712,0.00480669417373022
Binomial,1000,-1.5,5,5.004198227667087,0.0057308092733443445
Binomial,1000,0,1,1.0000458955271592,0.0013369534602191942
Binomial,1000,0,1.1,1.10036059796615,0.0014477856970383847
Binomial,1000,0,1.2,1.2005756375259953,0.001557678110498638
Binomial,1000,0,1.35,1.3480690281108962,0.0017800611840578851
Binomial,1000,0,1.5,1.4989634217485992,0.001838363945500638
Binomial,1000,0,1.75,1.7516656319025543,0.0020710791596033726
Binomial,1000,0,2,2.0013609069998046,0.0024811876581309258
Binomial,1000,0,2.5,2.4994691922207237,0.002802030342037436
Binomial,1000,0,3,3.0029250181624287,0.003136426836212524
Binomial,1000,0,4,4.002818976285298,0.0035953225903178378
Binomial,1000,0,5,4.999971381648171,0.003965068626866107
Binomial,1000,1.5,1,0.9992952597417948,0.0013179580811687453
Binomial,1000,1.5,1.1,1.0994586647293276,0.0014658550735685224
Binomial,1000,1.5,1.2,1.2000270570513416,0.0016126644978241129
Binomial,1000,1.5,1.35,1.352883708028853,0.0018156530271153425
Binomial,1000,1.5,1.5,1.497606633504855,0.0020582091632574927
Binomial,1000,1.5,1.75,1.7462643957552544,0.0024930981391978325
Binomial,1000,1.5,2,1.9994461009626279,0.0027818646859184993
Binomial,1000,1.5,2.5,2.5072078635768573,0.003426434451953495
Binomial,1000,1.5,3,2.9956002569395586,0.004118379042960854
Binomial,1000,1.5,4,3.996638939089492,0.004880754410562148
Binomial,1000,1.5,5,4.992585879830486,0.0055337012522587
Binomial,200,-1.5,1,1.003924843811934,0.003017239202512968
Binomial,200,-1.5,1.1,1.1050835048025192,0.003306051141677172
Binomial,200,-1.5,1.2,1.2021460062587914,0.00369384531692627
Binomial,200,-1.5,1.35,1.3504968955453274,0.004160872456339548
Binomial,200,-1.5,1.5,1.4997093921884144,0.0044882703593791444
Binomial,200,-1.5,1.75,1.7500187799719784,0.005458581852670562
Binomial,200,-1.5,2,1.9988274267539075,0.006259647527677912
Binomial,200,-1.5,2.5,2.5095027553466798,0.007715870475704166
Binomial,200,-1.5,3,3.002682591161465,0.008674701641661052
Binomial,200,-1.5,4,4.0060492013701365,0.011227608296041126
Binomial,200,-1.5,5,5.0100418217438785,0.012213444782130713
Binomial,200,0,1,0.9952966429436402,0.0029821637555244073
Binomial,200,0,1.1,1.0964804702490076,0.0032356648857173125
Binomial,200,0,1.2,1.200283924987161,0.0035034107257478487
Binomial,200,0,1.35,1.3519007510642516,0.003808759343804834
Binomial,200,0,1.5,1.5072204390533452,0.004367514448961093
Binomial,200,0,1.75,1.7564078212592433,0.004893479813270875
Binomial,200,0,2,2.000577629207759,0.005312380474250737
Binomial,200,0,2.5,2.505988876661998,0.006336008000036175
Binomial,200,0,3,3.0092053146038698,0.007000071072012019
Binomial,200,0,4,4.006780561977192,0.008499023558187402
Binomial,200,0,5,5.025199119217914,0.009217392493284297
Binomial,200,1.5,1,1.0024946693141732,0.0030313986517741397
Binomial,200,1.5,1.1,1.108073252179566,0.0035052530263705232
Binomial,200,1.5,1.2,1.2071432162138254,0.003777728028303829
Binomial,200,1.5,1.35,1.3457427775404807,0.004027800114445013
Binomial,200,1.5,1.5,1.5042972825872576,0.004702608725140007
Binomial,200,1.5,1.75,1.7482259289024396,0.00554091113543696
Binomial,200,1.5,2,1.9956267918531554,0.006430060587088787
Binomial,200,1.5,2.5,2.4851132716058326,0.0077277163169475254
Binomial,200,1.5,3,3.006418309797688,0.008905310403880309
Binomial,200,1.5,4,3.985409610342274,0.0113416747710028
Binomial,200,1.5,5,4.9934833126543605,0.01268979009858967
Binomial,50,-1.5,1,1.0030156966145083,0.006195793475474015
Binomial,50,-1.5,1.1,1.1164819808341295,0.0068847650201665144
Binomial,50,-1.5,1.2,1.2035359348529164,0.007180646892248199
Binomial,50,-1.5,1.35,1.3544238880403654,0.008469450326230882
Binomial,50,-1.5,1.5,1.5001378074499148,0.009551976304318175
Binomial,50,-1.5,1.75,1.7552990995579225,0.011216875280656704
Binomial,50,-1.5,2,1.9682828039243805,0.011954977011007922
Binomial,50,-1.5,2.5,2.469752683000195,0.015391738502323917
Binomial,50,-1.5,3,2.9743122951547947,0.01874120989527155
Binomial,50,-1.5,4,3.9551985476483806,0.022991613009879966
Binomial,50,-1.5,5,4.950140758708168,0.02922245506050984
Binomial,50,0,1,1.0010842962621063,0.00615387108620588
Binomial,50,0,1.1,1.1105105312531447,0.006515814928409961
Binomial,50,0,1.2,1.203929373834054,0.0072405679907236245
Binomial,50,0,1.35,1.3539937951749685,0.008239170564035992
Binomial,50,0,1.5,1.5138629448216285,0.00858352627641192
Binomial,50,0,1.75,1.7499204445204004,0.010290455794879525
Binomial,50,0,2,2.0222620459138687,0.010937277603187296
Binomial,50,0,2.5,2.5307903074350793,0.01267686969498405
Binomial,50,0,3,3.0349110307394565,0.01580853203593465
Binomial,50,0,4,4.063459288585789,0.017171217343326443
Binomial,50,0,5,5.077432561551229,0.018716417737878646
Binomial,50,1.5,1,1.0035110336359447,0.0062786128114800145
Binomial,50,1.5,1.1,1.1045826343476361,0.006515804986100059
Binomial,50,1.5,1.2,1.1995421624632958,0.007456745670501164
Binomial,50,1.5,1.35,1.34433737168145,0.008370188389016518
Binomial,50,1.5,1.5,1.5137607644881155,0.009203223146233687
Binomial,50,1.5,1.75,1.750327740700254,0.011338952226026142
Binomial,50,1.5,2,1.9872167630347553,0.012457492322304151
Binomial,50,1.5,2.5,2.470605879432405,0.01587511055496757
Binomial,50,1.5,3,2.9636718520675447,0.01813591074333063
Binomial,50,1.5,4,3.9668448043242943,0.023603668345353396
Binomial,50,1.5,5,4.995210639146574,0.02843637137879229
Binomial,500,-1.5,1,1.001655727344323,0.0019016273131530705
Binomial,500,-1.5,1.1,1.0978828678268204,0.0022195475481286853
Binomial,500,-1.5,1.2,1.1969935056839702,0.002248823485098275
Binomial,500,-1.5,1.35,1.3469372876775527,0.002658987157458666
Binomial,500,-1.5,1.5,1.4971371726788663,0.002944542767807177
Binomial,500,-1.5,1.75,1.7443729862430248,0.0033798516331746916
Binomial,500,-1.5,2,2.0034658846627487,0.004105879967260267
Binomial,500,-1.5,2.5,2.4982365900049652,0.004850710866883866
Binomial,500,-1.5,3,3.004636603990672,0.005692646834021723
Binomial,500,-1.5,4,3.9988294819561307,0.006850415057333189
Binomial,500,-1.5,5,4.989044005754417,0.007628023586549224
Binomial,500,0,1,1.001187367362046,0.001867771510292229
Binomial,500,0,1.1,1.1015141789676965,0.002093303625455926
Binomial,500,0,1.2,1.2030539863352894,0.0023513432178631616
Binomial,500,0,1.35,1.354427701555635,0.002556776290081475
Binomial,500,0,1.5,1.4982558672091464,0.0026842004184446096
Binomial,500,0,1.75,1.7495811725900792,0.003001374323974608
Binomial,500,0,2,1.9983579958005198,0.0035203613920879125
Binomial,500,0,2.5,2.4987141075129276,0.0038315330965658844
Binomial,500,0,3,2.995572324661716,0.004469663145588337
Binomial,500,0,4,4.005643002298084,0.005207997994790967
Binomial,500,0,5,5.008176562744016,0.0055905434940025376
Binomial,500,1.5,1,1.0022639163662959,0.0018719700517684443
Binomial,500,1.5,1.1,1.1014950396344865,0.0021222846740048865
Binomial,500,1.5,1.2,1.2027862371451672,0.002375553450719748
Binomial,500,1.5,1.35,1.3545428302496874,0.0024641723703399615
Binomial,500,1.5,1.5,1.5006068714857972,0.002970787273785701
Binomial,500,1.5,1.75,1.7491609497397216,0.0034510760140957562
Binomial,500,1.5,2,1.9953620260160045,0.0038814472487645724
Binomial,500,1.5,2.5,2.4941292513515685,0.004780612039038573
Binomial,500,1.5,3,2.9953552561988666,0.005625661806050849
Binomial,500,1.5,4,3.9982829045970685,0.007098176029942679
Binomial,500,1.5,5,4.990288211084043,0.008189474371381102
