model,sampleSize,intercept,underdispersion,mean.stat,mcse
Poisson,10,-1.5,0,0.7493207502141932,0.015385278817716327
Poisson,10,-1.5,0.1,0.7443927832292261,0.014954983287304218
Poisson,10,-1.5,0.2,0.7441332602171786,0.013860496280996617
Poisson,10,-1.5,0.30000000000000004,0.688164909591216,0.013489715932076098
Poisson,10,-1.5,0.4,0.7003751356608162,0.013401108027997198
Poisson,10,-1.5,0.5,0.6801184496973246,0.012636158101688447
Poisson,10,-1.5,0.6000000000000001,0.6717589597333552,0.012287537029677833
Poisson,10,-1.5,0.7000000000000001,0.6223011506672214,0.01123425352067674
Poisson,10,-1.5,0.8,0.6313092370014176,0.01016007162358255
Poisson,10,-1.5,0.9,0.6082401161266058,0.010292442748332544
Poisson,10,0,0,0.988323708183018,0.015025199243786334
Poisson,10,0,0.1,0.9517021890687773,0.013591767039180086
Poisson,10,0,0.2,0.8779197968941483,0.013113019515699065
Poisson,10,0,0.30000000000000004,0.847073676185764,0.012154400334091169
Poisson,10,0,0.4,0.7744522915963173,0.010844726528428428
Poisson,10,0,0.5,0.696246740469534,0.009980490544193548
Poisson,10,0,0.6000000000000001,0.6209473278919068,0.009008038574141135
Poisson,10,0,0.7000000000000001,0.5053091150823003,0.007122081657424832
Poisson,10,0,0.8,0.38253876292553707,0.005224567566771074
Poisson,10,0,0.9,0.2770458104693419,0.004321530421127758
Poisson,10,1.5,0,0.9899700071818923,0.015438368902135501
Poisson,10,1.5,0.1,0.9239592956392695,0.014185583491078114
Poisson,10,1.5,0.2,0.8271624040588402,0.012327435384077908
Poisson,10,1.5,0.30000000000000004,0.7278064991790374,0.011262647071159392
Poisson,10,1.5,0.4,0.6504947363317152,0.010071474584874611
Poisson,10,1.5,0.5,0.5489494466896425,0.008580871714690986
Poisson,10,1.5,0.6000000000000001,0.44910005225978156,0.007266684193094314
Poisson,10,1.5,0.7000000000000001,0.325750508616848,0.004955383671447867
Poisson,10,1.5,0.8,0.2253834153245505,0.003462349871676403
Poisson,10,1.5,0.9,0.11372222437848227,0.001827695690550126
Poisson,10,3,0,1.0115128069731518,0.01596779109844034
Poisson,10,3,0.1,0.9010492486683235,0.014173433412463769
Poisson,10,3,0.2,0.8147446877199171,0.012646500136835373
Poisson,10,3,0.30000000000000004,0.6966065609372174,0.01046206790207675
Poisson,10,3,0.4,0.5916563562499596,0.009552169023814767
Poisson,10,3,0.5,0.49913604249244675,0.007756444637954644
Poisson,10,3,0.6000000000000001,0.4152995770334803,0.006371521844740325
Poisson,10,3,0.7000000000000001,0.308555862273515,0.004692068295537345
Poisson,10,3,0.8,0.20527895080782776,0.003284743594579622
Poisson,10,3,0.9,0.09985787549726349,0.0016254179029278084
Poisson,100,-1.5,0,0.9953923288967453,0.004314996198775985
Poisson,100,-1.5,0.1,0.9790073246191079,0.004365638721355471
Poisson,100,-1.5,0.2,0.9548670599765243,0.004275708323983415
Poisson,100,-1.5,0.30000000000000004,0.9433007655222694,0.0039599551414977886
Poisson,100,-1.5,0.4,0.9146597371562204,0.0035920219959651423
Poisson,100,-1.5,0.5,0.8863415603448608,0.0035441110692961187
Poisson,100,-1.5,0.6000000000000001,0.8512533764050388,0.002980011292032315
Poisson,100,-1.5,0.7000000000000001,0.8074732079690855,0.002511013705329438
Poisson,100,-1.5,0.8,0.7673025510287825,0.0023689407657550648
Poisson,100,-1.5,0.9,0.7449535261349166,0.0020806847846845055
Poisson,100,0,0,0.9923408518721529,0.004573422248539554
Poisson,100,0,0.1,0.9509986244217227,0.004369228851339255
Poisson,100,0,0.2,0.8859767243235167,0.004025717460222126
Poisson,100,0,0.30000000000000004,0.8365490313464972,0.003730581983903509
Poisson,100,0,0.4,0.7570405357127208,0.003367085546101272
Poisson,100,0,0.5,0.6816379132486967,0.0030330251432719836
Poisson,100,0,0.6000000000000001,0.593223982256009,0.002635009278285552
Poisson,100,0,0.7000000000000001,0.4829829384266567,0.0021632003053880036
Poisson,100,0,0.8,0.360981411217935,0.0015586598478197788
Poisson,100,0,0.9,0.25704910316824775,0.0011098102267539092
Poisson,100,1.5,0,0.9957443249184261,0.004417555615466396
Poisson,100,1.5,0.1,0.9133094296890197,0.004129732014181683
Poisson,100,1.5,0.2,0.827632355282183,0.003546690787712396
Poisson,100,1.5,0.30000000000000004,0.7294873186507259,0.0031485642807305716
Poisson,100,1.5,0.4,0.6414683968908299,0.0029080891752512506
Poisson,100,1.5,0.5,0.531373224223978,0.002372683765952825
Poisson,100,1.5,0.6000000000000001,0.4325417364978829,0.001982787044148495
Poisson,100,1.5,0.7000000000000001,0.3307750067345546,0.001544163589351762
Poisson,100,1.5,0.8,0.2228177607112917,0.001041910424473536
Poisson,100,1.5,0.9,0.11198096269482986,5.235106509416229e-4
Poisson,100,3,0,1.0036250251157353,0.004428025444983866
Poisson,100,3,0.1,0.904953171205204,0.004130546792552396
Poisson,100,3,0.2,0.806695885889683,0.00374447698026474
Poisson,100,3,0.30000000000000004,0.7118380392457069,0.0031715565581703522
Poisson,100,3,0.4,0.6068403682594807,0.0027914777138832803
Poisson,100,3,0.5,0.502738026016187,0.002227407057957588
Poisson,100,3,0.6000000000000001,0.40497657369122303,0.001864228710116727
Poisson,100,3,0.7000000000000001,0.30574427831521983,0.001390776346377967
Poisson,100,3,0.8,0.20307542454659983,9.262538915145585e-4
Poisson,100,3,0.9,0.10318558192350885,4.754598289459057e-4
Poisson,1000,-1.5,0,0.9993205681473623,0.0014561063122153159
Poisson,1000,-1.5,0.1,0.9834478775100995,0.0014353739767753136
Poisson,1000,-1.5,0.2,0.9659453864036478,0.001344644475051686
Poisson,1000,-1.5,0.30000000000000004,0.9394791487053182,0.0012165233161201367
Poisson,1000,-1.5,0.4,0.9162814516286808,0.0011358757005514022
Poisson,1000,-1.5,0.5,0.8857109421743038,0.0010496540193944265
Poisson,1000,-1.5,0.6000000000000001,0.8494388479242033,9.815740918287935e-4
Poisson,1000,-1.5,0.7000000000000001,0.8058449679881188,8.040529718434737e-4
Poisson,1000,-1.5,0.8,0.7637163113528936,6.525595299684091e-4
Poisson,1000,-1.5,0.9,0.7390711855513175,5.323794394915386e-4
Poisson,1000,0,0,0.9971849857513847,0.0013908285912185812
Poisson,1000,0,0.1,0.9496128316962806,0.0013426042733275772
Poisson,1000,0,0.2,0.8931003628485366,0.0012358118077656695
Poisson,1000,0,0.30000000000000004,0.8319388501656275,0.0011237024534170295
Poisson,1000,0,0.4,0.7601174432679413,0.001051185451113784
Poisson,1000,0,0.5,0.67985236614734,9.108471835407463e-4
Poisson,1000,0,0.6000000000000001,0.5880116078658438,7.979438643452212e-4
Poisson,1000,0,0.7000000000000001,0.4808139938927661,6.617614151883332e-4
Poisson,1000,0,0.8,0.35968761578624886,4.91853812272002e-4
Poisson,1000,0,0.9,0.25382415485708004,3.573071121383754e-4
Poisson,1000,1.5,0,1.002663257909889,0.0014718371894677305
Poisson,1000,1.5,0.1,0.9124411605185735,0.001264583398506308
Poisson,1000,1.5,0.2,0.8267087659794097,0.0011536265053319961
Poisson,1000,1.5,0.30000000000000004,0.7304782482424339,0.0010234576775888964
Poisson,1000,1.5,0.4,0.6364631451596171,8.863043658749015e-4
Poisson,1000,1.5,0.5,0.5353578405021945,7.777545499954078e-4
Poisson,1000,1.5,0.6000000000000001,0.435694044136798,6.09027477416991e-4
Poisson,1000,1.5,0.7000000000000001,0.33023604960180775,4.8019888176167847e-4
Poisson,1000,1.5,0.8,0.22263650126083195,3.2416622326346715e-4
Poisson,1000,1.5,0.9,0.11224397357210125,1.6315888721792087e-4
Poisson,1000,3,0,1.0015131839677416,0.0014077130073990075
Poisson,1000,3,0.1,0.9010638656995276,0.0013306754682295017
Poisson,1000,3,0.2,0.8062520262723883,0.0011426766508716988
Poisson,1000,3,0.30000000000000004,0.705081993338241,0.0010301151055574504
Poisson,1000,3,0.4,0.6070237621881605,8.647524892589996e-4
Poisson,1000,3,0.5,0.5074912480783353,7.400981927138944e-4
Poisson,1000,3,0.6000000000000001,0.40685652093286556,5.842801020224098e-4
Poisson,1000,3,0.7000000000000001,0.30664407000428673,4.3245810119394476e-4
Poisson,1000,3,0.8,0.20437061973482387,2.8782754003195795e-4
Poisson,1000,3,0.9,0.1027037248875742,1.450304489644591e-4
Poisson,200,-1.5,0,0.9984186950828365,0.003132963964109773
Poisson,200,-1.5,0.1,0.9863503121382053,0.0032552391499047965
Poisson,200,-1.5,0.2,0.966854748444905,0.003007384467074483
Poisson,200,-1.5,0.30000000000000004,0.9431933348052206,0.0027736897277231267
Poisson,200,-1.5,0.4,0.9202348808363224,0.0026494828852765633
Poisson,200,-1.5,0.5,0.8924822644020005,0.002420450441807052
Poisson,200,-1.5,0.6000000000000001,0.8477056455371733,0.0020943987423371227
Poisson,200,-1.5,0.7000000000000001,0.8087121928848161,0.001883259628177695
Poisson,200,-1.5,0.8,0.7650746799985474,0.0014154520436554083
Poisson,200,-1.5,0.9,0.7437950517602383,0.0012866697891730108
Poisson,200,0,0,0.9946966877311348,0.003262164290716766
Poisson,200,0,0.1,0.9502624847670236,0.002979122194382461
Poisson,200,0,0.2,0.895167348420902,0.0028159526650846246
Poisson,200,0,0.30000000000000004,0.8336824384815734,0.0026985507343331738
Poisson,200,0,0.4,0.7607819564070537,0.0023016202699685123
Poisson,200,0,0.5,0.6785942632331085,0.002017968729812179
Poisson,200,0,0.6000000000000001,0.5871307401293764,0.0017328508707728436
Poisson,200,0,0.7000000000000001,0.48375431444265715,0.0015227383500147338
Poisson,200,0,0.8,0.36027173021105535,0.0010972330034877977
Poisson,200,0,0.9,0.2536287555733198,7.813881935460387e-4
Poisson,200,1.5,0,0.9994824601098087,0.0031929989412922137
Poisson,200,1.5,0.1,0.9112354985547222,0.00279212136103728
Poisson,200,1.5,0.2,0.8229827779332407,0.0025928615754395594
Poisson,200,1.5,0.30000000000000004,0.7298674209423742,0.0023201348347072167
Poisson,200,1.5,0.4,0.6356467986698051,0.001981063999118564
Poisson,200,1.5,0.5,0.5376157521376352,0.0017223393047729903
Poisson,200,1.5,0.6000000000000001,0.4331941846626089,0.0013686681872576675
Poisson,200,1.5,0.7000000000000001,0.32836503802867584,9.984822117318124e-4
Poisson,200,1.5,0.8,0.22274084113985895,7.037566081675323e-4
Poisson,200,1.5,0.9,0.11284201807805794,3.7354421257658536e-4
Poisson,200,3,0,1.0048956113068859,0.003266010057380346
Poisson,200,3,0.1,0.906556417006677,0.00294514550538268
Poisson,200,3,0.2,0.8075278315376292,0.0024744563560530524
Poisson,200,3,0.30000000000000004,0.7057497651905918,0.002224571432466844
Poisson,200,3,0.4,0.6041248196139464,0.0019359925524958161
Poisson,200,3,0.5,0.5079162496047412,0.0016154748702203962
Poisson,200,3,0.6000000000000001,0.4072407917529052,0.0013200317259347844
Poisson,200,3,0.7000000000000001,0.30711841618060787,9.672684830580233e-4
Poisson,200,3,0.8,0.20544449487712485,6.67256008683274e-4
Poisson,200,3,0.9,0.10211053691579738,3.154455728043883e-4
Poisson,50,-1.5,0,0.9870825664986029,0.007047545727640188
Poisson,50,-1.5,0.1,0.9690450868588891,0.006566103688344903
Poisson,50,-1.5,0.2,0.958417474622098,0.0059583926765313
Poisson,50,-1.5,0.30000000000000004,0.9424545957939029,0.005805916533158743
Poisson,50,-1.5,0.4,0.9047171090163143,0.00533154618120715
Poisson,50,-1.5,0.5,0.8842159704454726,0.005137100252652064
Poisson,50,-1.5,0.6000000000000001,0.8470243839385732,0.0044841477102766265
Poisson,50,-1.5,0.7000000000000001,0.8062581504142154,0.004169293506808267
Poisson,50,-1.5,0.8,0.779332735521428,0.004098893125845545
Poisson,50,-1.5,0.9,0.752395266067237,0.0035460864893291076
Poisson,50,0,0,0.9925790645480201,0.006471145191970786
Poisson,50,0,0.1,0.9403246721580586,0.005761201503911238
Poisson,50,0,0.2,0.8915083399411232,0.0053677779760957205
Poisson,50,0,0.30000000000000004,0.8384231561499451,0.005346537171365138
Poisson,50,0,0.4,0.7694162555045513,0.0047958067266389145
Poisson,50,0,0.5,0.6842998441502838,0.004189001019258888
Poisson,50,0,0.6000000000000001,0.5908969499733109,0.003715076615198941
Poisson,50,0,0.7000000000000001,0.4877488459375726,0.003055225961573811
Poisson,50,0,0.8,0.3668705000640539,0.002360075997135854
Poisson,50,0,0.9,0.2580048213047146,0.00165858551317391
Poisson,50,1.5,0,1.001162840878939,0.006358395553943765
Poisson,50,1.5,0.1,0.9205561926089998,0.006079541976355406
Poisson,50,1.5,0.2,0.8195574605288667,0.005409863075323377
Poisson,50,1.5,0.30000000000000004,0.7329204860827618,0.0048787639079238025
Poisson,50,1.5,0.4,0.6350889978731276,0.004058339084172147
Poisson,50,1.5,0.5,0.5344579448099462,0.003437290435064158
Poisson,50,1.5,0.6000000000000001,0.4356281577987748,0.002839386574005626
Poisson,50,1.5,0.7000000000000001,0.33187063220347507,0.0022731587120837747
Poisson,50,1.5,0.8,0.22288314447875768,0.0014858165513612388
Poisson,50,1.5,0.9,0.11285144067018257,7.50449214439985e-4
Poisson,50,3,0,1.0010198237505101,0.0062964225989471856
Poisson,50,3,0.1,0.9145644614254492,0.00582599685642517
Poisson,50,3,0.2,0.8019313930620057,0.005169558304693913
Poisson,50,3,0.30000000000000004,0.7015142659066359,0.004413551353200838
Poisson,50,3,0.4,0.6138882613315477,0.004052773456201212
Poisson,50,3,0.5,0.5040117567611394,0.0032924425703367
Poisson,50,3,0.6000000000000001,0.4086543716903123,0.0026136504536615084
Poisson,50,3,0.7000000000000001,0.3064111876848664,0.0019684294241906204
Poisson,50,3,0.8,0.2063748508180276,0.0013661804953945009
Poisson,50,3,0.9,0.10232803875062624,6.539912947658175e-4
Poisson,500,-1.5,0,0.9949424053342009,0.001977177309832579
Poisson,500,-1.5,0.1,0.9811361990310737,0.001954882446113676
Poisson,500,-1.5,0.2,0.9646291948458172,0.001895075277808076
Poisson,500,-1.5,0.30000000000000004,0.9414982135352444,0.0017898055231215803
Poisson,500,-1.5,0.4,0.9163383962428051,0.0017048665546086739
Poisson,500,-1.5,0.5,0.8840565310371439,0.0014864310389408012
Poisson,500,-1.5,0.6000000000000001,0.8499076363415783,0.0013950320811423602
Poisson,500,-1.5,0.7000000000000001,0.8083340891867666,0.0011598731658978257
Poisson,500,-1.5,0.8,0.7643835428881182,9.214987170461893e-4
Poisson,500,-1.5,0.9,0.7387172706434079,7.625636091120765e-4
Poisson,500,0,0,1.000885262603068,0.0019810747238916786
Poisson,500,0,0.1,0.9500154357990234,0.001906920609435472
Poisson,500,0,0.2,0.8935988916589492,0.0017323054795753546
Poisson,500,0,0.30000000000000004,0.8281260588760001,0.0016010269235514174
Poisson,500,0,0.4,0.7604700498378695,0.0015037866941342358
Poisson,500,0,0.5,0.6784093160883883,0.0012548337781114528
Poisson,500,0,0.6000000000000001,0.5876041041228409,0.0011498732693393122
Poisson,500,0,0.7000000000000001,0.48047887532097017,9.741428870315924e-4
Poisson,500,0,0.8,0.3604101908795292,7.195823713675727e-4
Poisson,500,0,0.9,0.2530924846367026,5.158122615998584e-4
Poisson,500,1.5,0,1.001238228813356,0.0020175615513769096
Poisson,500,1.5,0.1,0.9150299613025497,0.0018657045227625422
Poisson,500,1.5,0.2,0.8220890857353076,0.0015725355119363996
Poisson,500,1.5,0.30000000000000004,0.7339682321266754,0.0014248565760023324
Poisson,500,1.5,0.4,0.6340546196760444,0.00127184481476017
Poisson,500,1.5,0.5,0.5367803339479105,0.0010858294962344363
Poisson,500,1.5,0.6000000000000001,0.4344159440046944,8.391668750837413e-4
Poisson,500,1.5,0.7000000000000001,0.33052211254718283,6.856977414661502e-4
Poisson,500,1.5,0.8,0.22320035382580378,4.2924148516015334e-4
Poisson,500,1.5,0.9,0.11262953492049631,2.2264825115604918e-4
Poisson,500,3,0,0.9985678430477877,0.002124600420010874
Poisson,500,3,0.1,0.9023264457771564,0.0018214511908078849
Poisson,500,3,0.2,0.8033354183137771,0.001622415295437938
Poisson,500,3,0.30000000000000004,0.706903620417497,0.0013998592117835614
Poisson,500,3,0.4,0.6076675975528985,0.0012137025387944744
Poisson,500,3,0.5,0.5086001495826135,0.001002305951649687
Poisson,500,3,0.6000000000000001,0.40673542071101093,7.880787283935252e-4
Poisson,500,3,0.7000000000000001,0.3073131111644777,5.986526636111509e-4
Poisson,500,3,0.8,0.20506153730076282,4.1393038508893564e-4
Poisson,500,3,0.9,0.1026949176845093,2.0394482379616286e-4
Binomial,10,-1.5,0,1.0461984279636711,0.015511170325785176
Binomial,10,-1.5,0.1,0.9444897136370315,0.013273474566074049
Binomial,10,-1.5,0.2,0.8815365108311732,0.012586847017485107
Binomial,10,-1.5,0.30000000000000004,0.7853220646019392,0.012298351757749473
Binomial,10,-1.5,0.4,0.7128848870574169,0.010527181014885848
Binomial,10,-1.5,0.5,0.6058083758483972,0.009375503310349219
Binomial,10,-1.5,0.6000000000000001,0.49743110911260535,0.007682848242724019
Binomial,10,-1.5,0.7000000000000001,0.3760867172979497,0.006018188031676218
Binomial,10,-1.5,0.8,0.25570618603222106,0.004206062239278216
Binomial,10,-1.5,0.9,0.1336979029534137,0.0022491937816426005
Binomial,10,0,0,1.0240929213373382,0.015433267636117973
Binomial,10,0,0.1,0.9348807706404366,0.014523365951345443
Binomial,10,0,0.2,0.8316060660830157,0.012464097080252886
Binomial,10,0,0.30000000000000004,0.719960281606238,0.011176100538136845
Binomial,10,0,0.4,0.6200952058433309,0.009445318106909123
Binomial,10,0,0.5,0.5403327170729794,0.008332155439506729
Binomial,10,0,0.6000000000000001,0.43543583653640333,0.006882846144662192
Binomial,10,0,0.7000000000000001,0.3360703124573851,0.004905280997032921
Binomial,10,0,0.8,0.2200923238133487,0.003472565041139016
Binomial,10,0,0.9,0.10777433741360437,0.001663446188612272
Binomial,10,1.5,0,1.031284802380445,0.015481292793695424
Binomial,10,1.5,0.1,0.9407508957256038,0.014392759538219526
Binomial,10,1.5,0.2,0.8826829017422938,0.012599382678623195
Binomial,10,1.5,0.30000000000000004,0.8049399274863757,0.012646286141240973
Binomial,10,1.5,0.4,0.6873352858008257,0.01038455287833017
Binomial,10,1.5,0.5,0.6135379353682722,0.009276275796483626
Binomial,10,1.5,0.6000000000000001,0.49495904886077,0.007736980445071308
Binomial,10,1.5,0.7000000000000001,0.3736128950731301,0.005823564087590114
Binomial,10,1.5,0.8,0.25331908077654175,0.004195745585331129
Binomial,10,1.5,0.9,0.13857654363629568,0.002312811199320647
Binomial,100,-1.5,0,1.001397677103216,0.004309833465143103
Binomial,100,-1.5,0.1,0.9235786758416142,0.003968514834061773
Binomial,100,-1.5,0.2,0.857449013331258,0.003675111410768967
Binomial,100,-1.5,0.30000000000000004,0.771283426010345,0.0033684840436228403
Binomial,100,-1.5,0.4,0.6855231944168251,0.002951224187176431
Binomial,100,-1.5,0.5,0.5898164923994174,0.002626536473776826
Binomial,100,-1.5,0.6000000000000001,0.48472441817339684,0.002275456563650339
Binomial,100,-1.5,0.7000000000000001,0.36646324038363026,0.001646022589670234
Binomial,100,-1.5,0.8,0.24343892722101643,0.0011524348813162632
Binomial,100,-1.5,0.9,0.1334469202992766,6.659462979213725e-4
Binomial,100,0,0,0.9976274854543713,0.004323645007211765
Binomial,100,0,0.1,0.9157187424755003,0.003999117625031399
Binomial,100,0,0.2,0.8210148014149614,0.003627694215676934
Binomial,100,0,0.30000000000000004,0.7355278215032793,0.003274471217944778
Binomial,100,0,0.4,0.6308093167397497,0.0027826811287705697
Binomial,100,0,0.5,0.5330372296902924,0.002331719531444817
Binomial,100,0,0.6000000000000001,0.4295888590836922,0.0019335361512045387
Binomial,100,0,0.7000000000000001,0.3253573883632172,0.0014214282149482263
Binomial,100,0,0.8,0.220100713392734,9.824097623566473e-4
Binomial,100,0,0.9,0.1106567618231044,5.096349934673065e-4
Binomial,100,1.5,0,1.0054579628893787,0.004327975633487718
Binomial,100,1.5,0.1,0.9400122813175366,0.004001546514628212
Binomial,100,1.5,0.2,0.8581810284110466,0.003587522278038735
Binomial,100,1.5,0.30000000000000004,0.7731504053216641,0.0033436852212908245
Binomial,100,1.5,0.4,0.6856314037846692,0.002960360571146954
Binomial,100,1.5,0.5,0.5887140661153654,0.0025888218154258786
Binomial,100,1.5,0.6000000000000001,0.4855603378831911,0.002202562554546956
Binomial,100,1.5,0.7000000000000001,0.36779274649242744,0.0016950436939040436
Binomial,100,1.5,0.8,0.24433949556669746,0.001145691527736053
Binomial,100,1.5,0.9,0.1328728832329682,6.602163022631e-4
Binomial,1000,-1.5,0,1.0001546466508002,0.0013054684502331025
Binomial,1000,-1.5,0.1,0.9286072349045243,0.0012841461923545933
Binomial,1000,-1.5,0.2,0.8552100505346093,0.001170356505769168
Binomial,1000,-1.5,0.30000000000000004,0.7720375120226316,0.0010566659778246813
Binomial,1000,-1.5,0.4,0.6835675460193528,9.469481546929486e-4
Binomial,1000,-1.5,0.5,0.5850729163273417,8.105516654593232e-4
Binomial,1000,-1.5,0.6000000000000001,0.4819559319719623,6.813624369710925e-4
Binomial,1000,-1.5,0.7000000000000001,0.36760638105753235,5.163779049479096e-4
Binomial,1000,-1.5,0.8,0.24411983708532106,3.80569524096423e-4
Binomial,1000,-1.5,0.9,0.1331911739431977,2.0831956389875142e-4
Binomial,1000,0,0,1.0016415285704463,0.0013263565157082475
Binomial,1000,0,0.1,0.9125747959161501,0.0012232731798095871
Binomial,1000,0,0.2,0.8191445263909937,0.0011146689796197246
Binomial,1000,0,0.30000000000000004,0.7281891620979136,0.0010002935910850166
Binomial,1000,0,0.4,0.6315084539609468,8.580251218091936e-4
Binomial,1000,0,0.5,0.5317413667532183,7.594814081439027e-4
Binomial,1000,0,0.6000000000000001,0.43041771341713997,5.967057196276644e-4
Binomial,1000,0,0.7000000000000001,0.32645821641261896,4.4407503805287644e-4
Binomial,1000,0,0.8,0.21956933242533744,3.1382451658516726e-4
Binomial,1000,0,0.9,0.11062111496620061,1.5899160175076408e-4
Binomial,1000,1.5,0,1.0004153070004635,0.0013668811550654034
Binomial,1000,1.5,0.1,0.930316683053676,0.0012046486789793866
Binomial,1000,1.5,0.2,0.8537146833179724,0.001140493882979159
Binomial,1000,1.5,0.30000000000000004,0.7716727742469459,0.0010253341062367856
Binomial,1000,1.5,0.4,0.6837869650951365,9.102078792015244e-4
Binomial,1000,1.5,0.5,0.5860717949276832,8.084725692914644e-4
Binomial,1000,1.5,0.6000000000000001,0.4816883367930704,6.784527388261315e-4
Binomial,1000,1.5,0.7000000000000001,0.3679780507628901,5.283583124833129e-4
Binomial,1000,1.5,0.8,0.24424851787020627,3.829178690341905e-4
Binomial,1000,1.5,0.9,0.13292980579032906,2.070633601456747e-4
Binomial,200,-1.5,0,0.9969587062259114,0.003038947191854426
Binomial,200,-1.5,0.1,0.9273247944019257,0.0027635537676145845
Binomial,200,-1.5,0.2,0.8502495123178972,0.0025635216951187282
Binomial,200,-1.5,0.30000000000000004,0.7799551904253283,0.002382132682045571
Binomial,200,-1.5,0.4,0.6814384586462401,0.002098115745267696
Binomial,200,-1.5,0.5,0.5869142945840098,0.0018603223656942882
Binomial,200,-1.5,0.6000000000000001,0.48205796034707765,0.0015263504753279275
Binomial,200,-1.5,0.7000000000000001,0.367935439259265,0.0012394827555991348
Binomial,200,-1.5,0.8,0.24394736879176585,8.298402218341719e-4
Binomial,200,-1.5,0.9,0.13297956309603703,4.920362006663735e-4
Binomial,200,0,0,0.9969100340216037,0.003045629426237696
Binomial,200,0,0.1,0.9119245909178758,0.0028088885250254435
Binomial,200,0,0.2,0.8218897117550056,0.0025161971119015336
Binomial,200,0,0.30000000000000004,0.721004965845871,0.0021992033830992167
Binomial,200,0,0.4,0.6309554716853667,0.0019794353991356346
Binomial,200,0,0.5,0.5288820771534486,0.0016580427082980625
Binomial,200,0,0.6000000000000001,0.43046515427798165,0.0013007203873871144
Binomial,200,0,0.7000000000000001,0.3259111620130853,0.001020029556069335
Binomial,200,0,0.8,0.22073223959871052,7.13864022122647e-4
Binomial,200,0,0.9,0.1103453321327814,3.609608511301552e-4
Binomial,200,1.5,0,1.0050066555931136,0.003175997806391383
Binomial,200,1.5,0.1,0.9265908145327144,0.002708488116409246
Binomial,200,1.5,0.2,0.8527096587819591,0.0025405781245727904
Binomial,200,1.5,0.30000000000000004,0.7716253974096698,0.0022203132152766735
Binomial,200,1.5,0.4,0.6804538566881198,0.0021015743969636973
Binomial,200,1.5,0.5,0.5866053590511642,0.001772292404557496
Binomial,200,1.5,0.6000000000000001,0.47909522844755953,0.0015379863874022237
Binomial,200,1.5,0.7000000000000001,0.36580506381200245,0.0011887478772133644
Binomial,200,1.5,0.8,0.24484482973204424,8.610311780198495e-4
Binomial,200,1.5,0.9,0.13370523937935083,4.671952047262518e-4
Binomial,50,-1.5,0,1.0120451612564185,0.006045680893253534
Binomial,50,-1.5,0.1,0.9288199635621747,0.005885580304649454
Binomial,50,-1.5,0.2,0.8494954328647412,0.005163128170505521
Binomial,50,-1.5,0.30000000000000004,0.7694175299436243,0.004757836562749591
Binomial,50,-1.5,0.4,0.6812230893713525,0.004286744961512431
Binomial,50,-1.5,0.5,0.5894343357078545,0.003764372163997306
Binomial,50,-1.5,0.6000000000000001,0.48290918621931817,0.003042256444975906
Binomial,50,-1.5,0.7000000000000001,0.3713954393883665,0.0025080308530670285
Binomial,50,-1.5,0.8,0.24410871644839682,0.0016464949970070673
Binomial,50,-1.5,0.9,0.13493328776592492,9.5705160364108e-4
Binomial,50,0,0,1.0099325786154718,0.0063757489329861455
Binomial,50,0,0.1,0.9145853052981707,0.005468871580071979
Binomial,50,0,0.2,0.8188951658240535,0.005217436894000724
Binomial,50,0,0.30000000000000004,0.7297102250859032,0.0045670682560590235
Binomial,50,0,0.4,0.6355377519105543,0.00398398161082943
Binomial,50,0,0.5,0.5330417202618734,0.0034409170281415142
Binomial,50,0,0.6000000000000001,0.4280147260245525,0.0028350722291608267
Binomial,50,0,0.7000000000000001,0.3265547529341039,0.002135568788722844
Binomial,50,0,0.8,0.21938590023294696,0.0014463151001235966
Binomial,50,0,0.9,0.10963833731226084,7.168180051963108e-4
Binomial,50,1.5,0,1.010824512908424,0.00624535263845024
Binomial,50,1.5,0.1,0.9307279086117426,0.005716424498617749
Binomial,50,1.5,0.2,0.8575660221281531,0.0054150005878182104
Binomial,50,1.5,0.30000000000000004,0.7811440555115993,0.004721622506751523
Binomial,50,1.5,0.4,0.6846326868735725,0.004161312181923189
Binomial,50,1.5,0.5,0.5891942878351671,0.003740364042442522
Binomial,50,1.5,0.6000000000000001,0.48437043112073513,0.0029606713509202037
Binomial,50,1.5,0.7000000000000001,0.36945002985246034,0.002421929372456605
Binomial,50,1.5,0.8,0.24219777953479804,0.0016836634110588755
Binomial,50,1.5,0.9,0.13423820673424844,9.664521386319251e-4
Binomial,500,-1.5,0,1.0018760241783444,0.0019681771381429886
Binomial,500,-1.5,0.1,0.9279893249194492,0.0017900760139332745
Binomial,500,-1.5,0.2,0.8545967665603482,0.0015970666648273872
Binomial,500,-1.5,0.30000000000000004,0.7698125375653561,0.001494718238473343
Binomial,500,-1.5,0.4,0.6809406921496626,0.0013045408797641397
Binomial,500,-1.5,0.5,0.5891313822546498,0.001134574490381933
Binomial,500,-1.5,0.6000000000000001,0.48157377255773315,9.929291383675733e-4
Binomial,500,-1.5,0.7000000000000001,0.3685905264576225,7.69963272751657e-4
Binomial,500,-1.5,0.8,0.24374931523721827,5.287914104446288e-4
Binomial,500,-1.5,0.9,0.13337220919365475,2.8751079150127196e-4
Binomial,500,0,0,1.0026865652747112,0.0018906228225912317
Binomial,500,0,0.1,0.9088792458749496,0.0017275912381179738
Binomial,500,0,0.2,0.8182236602078627,0.00161817840486575
Binomial,500,0,0.30000000000000004,0.7287158365339977,0.0014008100526514704
Binomial,500,0,0.4,0.6294521651527025,0.0012277191096836842
Binomial,500,0,0.5,0.5306030268089283,0.0010188665552924145
Binomial,500,0,0.6000000000000001,0.4301134568686828,8.532487885974763e-4
Binomial,500,0,0.7000000000000001,0.32717518601704826,6.300030500238704e-4
Binomial,500,0,0.8,0.21998657858318582,4.092736662501721e-4
Binomial,500,0,0.9,0.11036578922526567,2.273584554046478e-4
Binomial,500,1.5,0,0.99788832284876,0.0018649954002278358
Binomial,500,1.5,0.1,0.9310271638445692,0.001697963706882395
Binomial,500,1.5,0.2,0.8524612397745965,0.0016340214933684887
Binomial,500,1.5,0.30000000000000004,0.7737813278675152,0.001528171044727624
Binomial,500,1.5,0.4,0.6821405344147743,0.0012992834766444301
Binomial,500,1.5,0.5,0.5876942392736769,0.0011114769811781124
Binomial,500,1.5,0.6000000000000001,0.4822724262581832,9.673243686561386e-4
Binomial,500,1.5,0.7000000000000001,0.3674618559934037,7.714559569547287e-4
Binomial,500,1.5,0.8,0.24406428262720248,5.204088796638565e-4
Binomial,500,1.5,0.9,0.13318974989106644,3.041665991413485e-4
